id,accession,locator,site,type,author,date,format,size,description,notes,issues
1,,,SalemAve,letter,"Walker, John Grimes",05/16/1888,paper,7-3/4x10,"Letter from John Grimes Walker, Chief of the Naval Bureau of Navigation, to Frederick J. Kimball, N&W President","Letter accepting invitation of Frederick Kimball to join a party inspecting the N&W line, Pochontas coalfields, and Norfolk terminal facility on May 21, 1888",
2,,,SalemAve,letter,"Wister, John",12/28/1888,paper,5-3/4x9-1/4,"Letter from John Wister, Duncannon Iron Company President, to Frederick J. Kimball, N&W President ",Letter thanking Frederick Kimball for providing a report on the New River Cripple Creek Mineral Region,
3,,,SalemAve,letter,Unknown,06/02/1885,paper,5x8,"Letter from unknown author to Frederick J. Kimball, N&W President","Letter sent from Faunsdale, Alabama, in which the  author requests assistance in returning to their home in Norfolk, Virginia; second page missing ",
4,,,SalemAve,letter,"Wright, Theodore",n.d.,paper ,9x7,"Letter from Theodore Wright to Frederick J. Kimball, N&W President",Letter requesting clarity on contracts for ties,
5,,,SalemAve,telegram,"Wentworth, Charles C.",06/30/1887,paper,8x10-1/2,"Telegram from Charles C. Wentworth, N&W Principal Assistant Engineer, to W. W. Cook, c/o Frederick J. Kimball",Telegram sent from Roanoke Western Union office describing track laying progress at an undisclosed location,
6,,,SalemAve,letter,"Weaver, Z. L. ",04/09/1887,paper,8-1/2x12-3/4,"Letter from Z. L. Weaver, Virginia Senate Sergeant-at-arms, to Frederick J. Kimball, N&W President",Letter requesting a rail pass from Richmond to Wytheville for Virginia state senator S. W. Williams to visit his daughter.,
7,,,SalemAve,newspaper,Bristol Herald Courier,03/18/1953,cardstock,7-1/2x9,Newspaper excerpt with N&W tax information,"Embossed copy of a newspaper excerpt showing N&W Treasurer S. P. Chockley delivering a $10,600,000 check to the Roanoke federal revenue office; total taxes paid for 1952 amounted to $39,557,000 ",
8,,,SalemAve,letter,"Woolling, William",08/18/1885,paper,6x9-1/2,"Letter from William Woolling to Joseph H. Sands, N&W General Superintendent","Letter from a hotelier inquiring about assuming operation of a hotel in Pulaski, Virginia; referred to Frederick J.  Kimball, N&W President",
9,,,SalemAve,letter,"Wrenn, Beverly W.",n.d.,paper,5-1/2x8-1/2,"Letter from Beverly W. Wrenn to Frederick J. Kimball, N&W President","Letter from the General Passenger Agent of the Virginia, Tennessee & Georgia Air Line acknowledging receipt of a previous letter and inquiring about a meeting with Kimball in Philadelphia; dated December 27",
10,,,SalemAve,letter,"Yager, James A.",01/27/1887,paper,8x10-1/2,"Letter from James A. Yager to Frederick J. Kimball, N&W President",Letter from a Virginia Land Company partner discussing real estate relations,
11,,,SalemAve,letter ,"Wilson, John",10/01/1885,paper,8x10-1/2,"Letter from John Wilson to Frederick J. Kimball, N&W President","Letter to Frederick Kimball forwarding an attached message of R. B. Cooke, General Passenger and Freight Agent of the New York, Philadelphia & Norfolk Railroad Company, discussing market share between Norfolk and New York",
12,,,SalemAve,letter,"Wrenn, Beverly W.",10/19/1885,linen,8-1/2x11,"Letter from Beverly W. Wrenn to Frederick J. Kimball, N&W President","Letter from the General Passenger Agent of the Virginia, Tennessee & Georgia Air Line providing updates on employee expenses and the passenger schedule; schedule of employee salaries and expenses enclosed",
13,,,SalemAve,letter,Walton,01/29/1886,paper,6x9-1/2,"Letter from Walton to Frederick J. Kimball, N&W President",Letter inquiring about a securing a contract on the Bluestone Branch ,check last name
14,,,SalemAve,letter,"Walker, Richard F.",01/18/1888,paper,8x10-1/2,"Letter from Richard F. Walker to Frederick J. Kimball, N&W President",Letter requesting a rail pass for the son of Virginia delegate W. N. Tinsley ,
15,,,SalemAve,letter,"Cornett, G. W. ",01/18/1888,paper,5-3/4x8-1/2,Letter from G. W. Cornett to Richard F. Walker,Letter requesting a rail pass for the children of Virginia senator G. W. Cornett; forwarded to Frederick Kimball,
16,,,SalemAve,letter,"Walters, W. T. ",11/25/1887,paper,,"Letter from W. T. Walters, Atlantic Coast Line President to Frederick J. Kimball, N&W President",Letter recommending the services of architect William Bleddyn Powell for the construction of the Richmond Depot,
17,,,SalemAve,letter,"Ward, Frank ",02/20/1888,paper ,,"Letter from Frank Ward to Frederick J. Kimball, N&W President",Letter from rail inspection agent Frank Ward soliciting business for rail materials and inspection services,
18,,,SalemAve,letter,"Ward, George R. ",02/14/1887,paper,,"Letter from George R. Ward to Frederick J. Kimball, N&W President",Letter from rail inspection agent George R. Ward quoting costs for rail materials and inspection services; blank inspection documents enclosed ,
19,,,SalemAve,letter,"Watts, Ethelbert",12/20/1888,paper,,"Letter from Ethelbert Watts to Frederick J. Kimball, N&W President ",Letter discussing the financing of the Shenandoah Valley Railroad,
20,,,SalemAve,letter,"Watts, Ethelbert",07/28/1888,paper,,Letter from Ethelbert Watts to Charles Sanger Mellen,Letter discussing stock transfer of shares in Raford L&HR,check Mellen's affiliation
21,,,SalemAve,letter,"Watts, Henry M. ",n.d.,paper,,"Letter from Henry M. Watts to Frederick J. Kimball, N&W President",Letter expressing thanks and accepting a previous invitation sent by Frederick Kimball,
22,,,SalemAve,letter,"Watkins, John Elfreth",01/16/1886,paper,,"Letter from John Elfreth Watkins to Frederick J. Kimball, N&W President","Letter from Honorary Curator and Pennsylvania Railroad engineer John Elfreth Watkins requesting financial and archival donations for the Steam Transportation exhibit at the United States National Museum, sponsored by the Smithsonian Institution",
23,,,SalemAve,letter,"Thomas, Sam Russell",07/22/1886,paper,,"Letter from Sam Thomas, President of the East Tennessee, Virginia & Georgia Railroad, to Frederick J. Kimball, N&W President ",Letter requesting a rail pass for an employee to travel between Roanoke and Bristol,
24,,,SalemAve,letter,"Thomas, Sam Russell",07/19/1886,paper,,"Letter from Sam Thomas, President of the East Tennessee, Virginia & Georgia Railroad, to Frederick J. Kimball, N&W President ",Letter apologizing for delaying to arrange a meeting with Frederick Kimball,
25,,,SalemAve,letter,"Weaver, Z. L. ",01/24/1888,paper,,"Letter from Z. L. Weaver, Virginia Senate Sergeant-at-arms, to Frederick J. Kimball, N&W President","Letter requesting a rail pass for Virginia Senate Clerk B. Owens, Jr., between Petesburg and Radford to investigate a contested state senate election ",
26,,,SalemAve,letter,"Weaver, Z. L. ",05/23/1887,paper,,"Letter from Z. L. Weaver, Virginia Senate Sergeant-at-arms, to Frederick J. Kimball, N&W President",Letter written on behalf of Virginia Senator S. W. Williams requesting a rail pass for Delegate R. R. Noblin to travel between Lynchburg and Wytheville,
27,,,SalemAve,letter,"Weaver, Z. L. ",02/22/1886,paper,,"Letter from Z. L. Weaver, Virginia Senate Sergeant-at-arms, to Frederick J. Kimball, N&W President",Letter written on behalf of Virginia Senator S. W. Williams requesting Frederick Kimball renew an unused rail pass he had requested for his ill sister,
28,,,SalemAve,letter,"Weeks, Joseph D. ",12/10/1888,paper,,"Letter from Joseph D. Weeks to Frederick J. Kimball, N&W President","Letter from Joseph D. Weeks, editor of the American Manufacturer and Iron World journal, noting damage to framed photographs sent by Frederick Kimball to the publication; copy of letter to art supplier enclosed",
29,,,SalemAve,letter,Welsh,04/03/1888,paper,,"Letter from Mr. Welsh to Frederick J. Kimball, N&W President",Letter requesting that Frederick Kimball enlist the services of John A. Flynn,"check date, author name"
30,,,SalemAve,letter,Welsh,n.d.,paper,,"Letter from Mr. Welsh to Frederick J. Kimball, N&W President",Letter thanking Frederick Kimball,"check author, description"
31,,,SalemAve,letter,"Wech, J. A. ",06/18/1885,paper,,"Letter from J. A. Wech to Frederick J. Kimball, N&W President",Letter notifying Frederick Kimball of the production capabilities of a mine managed by a Mr. O'Conner,
32,,,SalemAve,letter,"Wentworth, Charles C. ",04/07/1887,paper,,"Letter from Charles C. Wentworth, N&W Principal Assistant Engineer, to Frederick J. Kimball, N&W President","Letter discussing property acquisiton for a potential junction with the Louisville & Nashville Railroad near Big Stone Gap (formerly Mineral City), Virginia; blueprint sketch of property enclosed",
33,,,SalemAve,letter,"Wentworth, I. H. ",04/30/1886,paper,,"Letter from I. H. Wentworth, Richmond & Danville Railroad Secretary, to Frederick J. Kimball, N&W President","Letter discussing business around Washington, DC, and Alexandria, Virginia","check name, check date"
34,,,SalemAve,letter,"Westlake, I. R. ",11/10/1888,paper,,"Letter from I. R. Westlake to Frederick J. Kimball, N&W President","Letter from the New York agent for the Virginia, Tennesee & Georgia Air Line containing an attached telegram sent from T. M. R. Talcott, Richmond & Danville Railroad Vice President, pertaining to freight matters in Memphis, Tennessee ",
35,,,SalemAve,letter,"Weston, Francis E",08/14/1888,paper,,"Letter from Francis E. Weston to Frederick J. Kimball, N&W President",Letter thanking Frederick Kimball for providing requested information related to steel and iron materials ,
36,,,SalemAve,letter,"Weston, Francis E",07/13/1888,paper,,"Letter from Francis E. Weston to Frederick J. Kimball, N&W President",Letter acknowledging a billing error for steel and iron materials,
37,,,SalemAve,letter,"West, R. S.",08/08/1887,paper,,,,revisit
38,,,SalemAve,letter,"Westlake, I. R. ",07/29/1886,paper,,"Letter from I. R. Westlake to Frederick J. Kimball, N&W President","Letter furnishing requested information about freight rates for the Virginia, Tennessee & Georgia Air Line between 1883-1886; rate schedule enclosed",
39,,,SalemAve,letter,"Weston, Francis E",07/23/1886,paper,,"Letter from Francis E. Weston to Frederick J. Kimball, N&W President","Letter requesting that Frederick Kimball not write to Samuel A. Crozer, President of the Crozer Steel & Iron Company, on the matter of Crozer's coalfield holdings while Crozer is traveling  ",
40,,,SalemAve,letter,"Weston, Francis E",07/21/1886,paper,,"Letter from Francis E. Weston to Frederick J. Kimball, N&W President","Letter informing Frederick Kimball that his inquiry to Samuel A. Crozer, President of the Crozer Steel & Iron Company, pertaining to the survey of the company's coal parcels will receive a response upon Crozer's return from Europe",
41,,,SalemAve,telegram,"Westlake, I. R. ",n.d.,paper,,"Telegram from I. R. Westlake to Frederick J. Kimball, N&W President","Message informing Frederick Kimball on the whereabouts of Captain Thomas Pinckney (CSA, Ret.), General Agent of the Virginia, Tennessee & Georgia Air Line. ",
42,,,SalemAve,letter,"West, Harvey F.",08/21/1885,paper,,"Letter from Harvey F. West to Frederick J. Kimball, N&W President",Letter from the president of the Philadelphia Warehouse Company discussing the status of bonds for the construction of a rail terminal,
43,,,SalemAve,letter,"West, Harvey F.",04/10/1885,paper,,"Letter from Harvey F. West to Frederick J. Kimball, N&W President",Letter from the president of the Philadelphia Warehouse Company inquiring about Frederick Kimball's availability for a meeting,
44,,,SalemAve,letter,"Whitty, William H.  ",01/18/1888,paper,,"Letter from William H. Whitty to Frederick J. Kimball, N&W President","Letter from William Whitty, staffwriter for The Philadelphia Times, soliciting donations for the Third Regument Infantry, N. G. P., in Philadelphia, Pennsylvania; circular enclosed",
45,,,SalemAve,letter,"Whitty, William H.  ",12/12/1889,paper,,"Letter from William H. Whitty to Frederick J. Kimball, N&W President","Letter from William Whitty, staffwriter for The Philadelphia Times, soliciting donations for the Third Regument Infantry, N. G. P., in Philadelphia, Pennsylvania",
46,,,SalemAve,letter,"Whittier, Charles S.",04/25/1887,paper,,"Letter from Charles S. Whittier to Frederick J. Kimball, N&W President",Letter rejecting invitation to accompany Frederick Kimball on a tour of N&W properties ,
47,,,SalemAve,letter,"Whittle, William C",07/21/1886,paper,,"Letter from William C. Whittle to Frederick J. Kimball, N&W President",Letter thanking Frederick Kimball for providing rail passes to family members of the Norfolk steamship captain William Whittle,
48,,,SalemAve,letter,"Wheeler, Robert B.",02/16/1887,paper,,"Letter from Robert B. Wheeler to Frederick J. Kimball, N&W President",Letter seeking employment ,
49,,,SalemAve,letter,"Whittle, William C",07/16/1886,paper,,"Letter from William C. Whittle to Frederick J. Kimball, N&W President",Letter requesting rail passes for the family members of the Norfolk steamship captain William Whittle,
50,,,SalemAve,letter,"Wharton, G. C. ",06/16/1885,paper,,"Letter from Gabriel C. Wharton to Frederick J. Kimball, N&W President",Letter requesting a letter of recommendation from Frederick Kimball for appointment to a position at the Department of the Interior,
51,,,SalemAve,letter,"Wharton, G. C. ",06/16/1885,paper,,Letter from Gabriel C. Wharton to J. J. Duran,Letter requesting references for appointment to a position at the Department of the Interior; forwarded to Frederick Kimball,check recipient name
52,,,SalemAve,letter,"Whiddon, W. B. ",04/02/1885,paper,,"Letter from W. B. Whiddon to Frederick J. Kimball, N&W President","Letter proposing a rail line to Dublin, Laurens County, Georgia",
53,,,SalemAve,letter,"Whitehead, John B.",03/07/1885,paper,,"Letter from John B. Whitehead to Frederick J. Kimball, N&W President","Letter forwarded by John B. Whitehead, president of Exchange National Bank, noting a request of Frederick Kimball in an enclosed document (not included)",revisit
54,,,SalemAve,letter,"Reid, Charles",03/06/1885,paper,,"Letter from Charles Reid to Frederick J. Kimball, N&W President",Letter acknowledging receipt of a recommendation for the appointment of a company employee as harbor master,
55,,,SalemAve,letter,"Whitehead, John B.",07/20/1885,paper,,"Letter from John B. Whitehead to Frederick J. Kimball, N&W President",,revisit
56,,,SalemAve,letter,"Whitehead, John B.",01/26/1885,paper,,"Letter from John B. Whitehead to Frederick J. Kimball, N&W President",,revisit
57,,,SalemAve,telegram,"Whitehead, John B.",03/09/188[5],paper,,"Telegram from John B. Whitehead to Frederick J. Kimball, N&W President",Message requesting payment from Frederick Kimball ,
58,,,SalemAve,letter,"Whitehead, John B.",01/19/1885,paper,,"Letter from John B. Whitehead to Frederick J. Kimball, N&W President",,revisit
59,,,SalemAve,letter,"Whitehead, John B.",01/16/1885,paper,,"Letter from John B. Whitehead to Frederick J. Kimball, N&W President",,revisit
60,,,SalemAve,letter,"White, Edward G.",05/22/1887,paper,,"Letter from Del. Edward G. White to Frederick J. Kimball, N&W President",Letter requesting a rail pass for House of Delegate member Edward G. White,
61,,,SalemAve,letter,"White, Edward G.",03/31/1887,paper,,"Letter from Del. Edward G. White to Frederick J. Kimball, N&W President",Letter requesting a rail pass for House of Delegate member Edward G. White,
62,,,SalemAve,letter,"White, James L. ",02/11/1886,paper,,"Letter from James L. White to Frederick J. Kimball, N&W President",Letter requesting a rail pass for the president of the Washington and Russell County Turnpike and providing information on the road,
63,,,SalemAve,letter,"Wilcox, John",07/11/1885,paper,,"Letter from John Wilcox to Frederick J. Kimball, N&W President",Letter informing Frederick Kimball that the iron furnaces of John Wilcox are superior to the suppliers of the N&W railroad; newspaper clipping affixed,
64,,,SalemAve,letter,"Wickham, H.",11/15/1886,paper,,"Letter from H. Wickham to Frederick J. Kimball, N&W President",Letter from the president of the Southwest Virginia Improvement Company inquiring about the status of a project to build siding for the Pocahontas Coal & Coke Company and supply rail cars,
65,,,SalemAve,letter,"Wickham, H.",11/12/1886,paper,8x10-1/2,"Letter from H. Wickham to Frederick J. Kimball, N&W President",Letter from the president of the Southwest Virginia Improvement Company inquiring about the availability of coal cars for the Pocahontas Coal & Coke Company,
66,,,SalemAve,letter,"Wickham, H.",10/29/1886,paper,8x10-1/2,"Letter from H. Wickham to Frederick J. Kimball, N&W President",Letter from the president of the Southwest Virginia Improvement Company inquiring about the straightening of track leading up Pocahontas Coal & Coke Company property,
67,,,SalemAve,letter,"Wickham, H.",10/07/1886,paper,8x10-1/2,"Letter from H. Wickham to Frederick J. Kimball, N&W President",Letter from the president of the Southwest Virginia Improvement Company inquiring about the possibility of providing rail cars for the Pocahontas Coal & Coke Company,
68,,,SalemAve,letter,"Wickham, H.",09/28/1886,paper,8x10-1/2,"Letter from H. Wickham to Frederick J. Kimball, N&W President",Letter from the president of the Southwest Virginia Improvement Company notifying Frederick Kimball of a potential new operating site of the Pocahontas Coal & Coke Company,
69,,,SalemAve,letter,"Wickham, H.",08/10/1886,paper,8x10-1/2,"Letter from H. Wickham to Frederick J. Kimball, N&W President",Letter from the president of the Southwest Virginia Improvement Company discussing coal contracts in the Bluestone and Flat Top fields,
70,,,SalemAve,letter,"Wickham, H.",07/30/1886,paper,8x10-1/2,"Letter from H. Wickham to Frederick J. Kimball, N&W President",Letter from the president of the Southwest Virginia Improvement Company discussing coal rates and freight costs,
71,,,SalemAve,letter,"Wickham, H.",07/08/1886,paper,8x10-1/2,"Letter from H. Wickham to Frederick J. Kimball, N&W President",Letter from the president of the Southwest Virginia Improvement Company discussing the feasibility of building new coke ovens for the Pocahontas Coal & Coke Company,
72,,,SalemAve,letter,"Wickham, H.",06/10/1886,paper,8x10-1/2,"Letter from H. Wickham to Frederick J. Kimball, N&W President",Letter requesting a rail pass for the brother of the president of the Southwest Virginia Improvement Company,
73,,,SalemAve,letter,"Wickham, H.",05/21/1886,paper,8x10-1/2,"Letter from H. Wickham to Frederick J. Kimball, N&W President",Letter from the president of the Southwest Virginia Improvement Company discussing contract matters,
74,,,SalemAve,letter,"Wickham, H.",05/10/1886,paper,8x10-1/2,"Letter from H. Wickham to Frederick J. Kimball, N&W President",Letter from the president of the Southwest Virginia Improvement Company discussing contract matters,
75,,,SalemAve,letter,"Wickham, H.",04/30/1886,paper,8x10-1/2,"Letter from H. Wickham to Frederick J. Kimball, N&W President",Letter from the president of the Soutwest Virginia Improvement Company discussing an arranged tour of the railroad for the board of directors ,
76,,,SalemAve,letter,"Wickham, H.",04/13/1886,paper,8x10-1/2,"Letter from H. Wickham to Frederick J. Kimball, N&W President",Letter from the president of the Southwest Virginia Improvement Company arranging for a private car trip along the railroad,
77,,,SalemAve,letter,"Wickham, H.",04/04/1886,paper,8x10-1/2,"Letter from H. Wickham to Frederick J. Kimball, N&W President","Letter from the president of the Southwest Virginia Improvement Company arranging for a private car trip along the railroad with a stop at Natural Bridge, Virginia; list of invitees enclosed",
78,,,SalemAve,letter,"Wickham, H.",04/10/1886,paper,8x10-1/2,"Letter from H. Wickham to Frederick J. Kimball, N&W President","Letter from the president of the Southwest Virginia Improvement Company arranging for a private car tour between Philadelphia, Pennsylvania; Pocahontas, Virginia; and Norfolk, Virginia",
79,,,SalemAve,letter,"Wickham, H.",04/10/1886,paper,8x10-1/2,"Letter from H. Wickham to Frederick J. Kimball, N&W President",Letter from the president of the Southwest Virginia Improvement Company discussing invitees on a private car tour ,
80,,,SalemAve,letter,"Wickham, H.",02/06/1886,paper,8x10-1/2,"Letter from H. Wickham to Frederick J. Kimball, N&W President","Letter from the president of the Southwest Virginia Improvement Company requesting a rail pass for a Pocahontas, Virginia, pastor",
81,,,SalemAve,letter,"Wickham, H.",04/02/1886,paper,8x10-1/2,"Letter from H. Wickham to Frederick J. Kimball, N&W President",Letter from the president of the Southwest Virginia Improvement Company addressing miners' grievances over rent for Pocahontas Coal & Coke Company housing ,
82,,,SalemAve,letter,"Wickham, H.",02/02/1886,paper,8x10-1/2,"Letter from H. Wickham to Frederick J. Kimball, N&W President",Letter from the president of the Southwest Virginia Improvement Company negotiating coal shipment rates to the Tidewater region,
83,,,SalemAve,letter,"Wickham, H.",10/17/1885,paper,8x10-1/2,"Letter from H. Wickham to Frederick J. Kimball, N&W President",Letter from the president of the Southwest Virginia Improvement Company discussing allocation of coal cars to the Pocahontas Coal & Coke Company,
84,,,SalemAve,letter,"Wickham, H.",10/17/1885,paper,8x10-1/2,"Letter from H. Wickham to Frederick J. Kimball, N&W President",Letter from the president of the Southwest Virginia Improvement Company discussing allocation of coal cars to the Pocahontas Coal & Coke Company; follow-up message to a letter of the same date,
85,,,SalemAve,letter,"Wickham, H.",10/15/1886,paper,8x10-1/2,"Letter from H. Wickham to Frederick J. Kimball, N&W President",Letter from the president of the Southwest Virginia Improvement Company discussing competitor coal shipment prices,
86,,,SalemAve,letter,"Wickham, H.",10/15/1886,paper,8x10-1/2,"Letter from H. Wickham to Frederick J. Kimball, N&W President",Letter from the president of the Southwest Virginia Improvement Company discussing coal car distribution in the Flat Top region,
87,,,SalemAve,letter,"Wickham, H.",09/17/1885,paper,8x10-1/2,"Letter from H. Wickham to Frederick J. Kimball, N&W President",Letter from the president of the Southwest Virginia Improvement Company acknowledging receipt of a previous letter from Frederick Kimball ,
88,,,SalemAve,letter,"Wickham, H.",07/29/1885,paper,8x10-1/2,"Letter from H. Wickham to Frederick J. Kimball, N&W President",Letter from the president of the Southwest Virginia Improvement Company discussing rates for lump coal from the Pocahontas Coal & Coke Company,
89,,,SalemAve,letter,"Wickham, H.",07/27/1885,paper,8x10-1/2,"Letter from H. Wickham to Frederick J. Kimball, N&W President",Letter from the president of the Southwest Virginia Improvement Company expressing apprehension over shipping lump coal at a loss,
90,,,SalemAve,letter,"Wickham, H.",07/24/1885,paper,8x10-1/2,"Letter from H. Wickham to Frederick J. Kimball, N&W President",Letter from the president of the Southwest Virginia Improvement Company thanking Frederick Kimball for providing a rail pass,
91,,,SalemAve,letter,"Wickham, H.",07/28/1886,paper,8x10-1/2,"Letter from H. Wickham to Frederick J. Kimball, N&W President",Letter from the president of the Southwest Virginia Improvement Company discussing coal rates and car purveyance ,
92,,,SalemAve,letter,"Wickham, H.",07/24/1886,paper,8x10-1/2,"Letter from H. Wickham to Frederick J. Kimball, N&W President",Letter from the president of the Southwest Virginia Improvement Company discussing contract renewal with the Pocahontas Coal & Coke Company,
93,,,SalemAve,letter,"Wickham, H.",07/23/1886,paper,8x10-1/2,"Letter from H. Wickham to Frederick J. Kimball, N&W President",Letter from the president of the Southwest Virginia Improvement Company negotiating contract terms for shipping rates and coal car allotment for the Pocahontas Coal & Coke Company,
94,,,SalemAve,letter,"Wickham, H.",07/21/1886,paper,8x10-1/2,"Letter from H. Wickham to Frederick J. Kimball, N&W President",Letter from the president of the Southwest Virginia Improvement Company negotiating contract terms for shipping rates and coal car allotment for the Pocahontas Coal & Coke Company,
95,,,SalemAve,letter,"Wickham, H.",02/05/1886,paper,8x10-1/2,"Letter from H. Wickham to Frederick J. Kimball, N&W President",Letter from the president of the Southwest Virginia Improvement Company negotiating market share in and coal shipment rates to the Tidewater region,
96,,,SalemAve,letter,"Wickham, H.",07/23/1885,paper,8x10-1/2,"Letter from H. Wickham to Frederick J. Kimball, N&W President",Letter from the president of the Southwest Virginia Improvement Company expressing scorn over competitor pricing for coal shipments,
97,,,SalemAve,letter,"Wickham, H.",07/09/1885,paper,8x10-1/2,"Letter from H. Wickham to Frederick J. Kimball, N&W President",Letter from the president of the Southwest Virginia Improvement Company discussing contract negotiations ,
98,,,SalemAve,letter,"Wickham, H.",07/17/1885,paper,8x10-1/2,"Letter from H. Wickham to Frederick J. Kimball, N&W President",Letter from the president of the Southwest Virginia Improvement Company requesting a rail pass for the company board's secretary and treasurer ,
99,,,SalemAve,letter,"Wickham, H.",07/07/1885,paper,8x10-1/2,"Letter from H. Wickham to Frederick J. Kimball, N&W President",Letter from the president of the Southwest Virginia Improvement Company discussing dredging at Lambert's Point Pier,
100,,,SalemAve,letter,"Wickham, H.",07/10/1885,paper,8x10-1/2,"Letter from H. Wickham to Frederick J. Kimball, N&W President",Letter from the president of the Southwest Virginia Improvement Company discussing coal shipping rates and competitor pricing,
101,,,SalemAve,letter,"Wickham, H.",06/24/1885,paper,8x10-1/2,"Letter from H. Wickham to Frederick J. Kimball, N&W President",Letter from the president of the Southwest Virginia Improvement Company thanking Frederick Kimball for extending a favorable coal contract,
102,,,SalemAve,letter,"Wickham, H.",06/23/1885,paper,8x10-1/2,"Letter from H. Wickham to Frederick J. Kimball, N&W President",Letter from the president of the Southwest Virginia Improvement Company negotiating coal shipment rates,
103,,,SalemAve,letter,"Wickham, H.",06/09/1885,paper,8x10-1/2,"Letter from H. Wickham to Frederick J. Kimball, N&W President",Letter from the president of the Southwest Virginia Improvement Company negotiating contract terms for coal shipping rates ,
104,,,SalemAve,letter,"Wickham, H.",06/06/1885,paper,8x10-1/2,"Letter from H. Wickham to Frederick J. Kimball, N&W President",Letter from the president of the Southwest Virginia Improvement Company notfying Frederick Kimball of the amount of coal delivered to the N&W Railroad,
105,,,SalemAve,letter,"Wickham, H.",05/21/1885,paper,8x10-1/2,"Letter from H. Wickham to Frederick J. Kimball, N&W President",Letter from the president of the Southwest Virginia Improvement Company addressing accusations of poor coal quality in relation to the arson of a pile of coal on Pocahontas Coal & Coke Company property,
106,,,SalemAve,letter,"Wickham, H.",05/14/1885,paper,8x10-1/2,"Letter from H. Wickham to Frederick J. Kimball, N&W President",Letter from the president of the Southwest Virginia Improvement Company updating Frederick Kimball on matters pertaining to the company's board of directors,
107,,,SalemAve,letter,"Wickham, H.",05/13/1885,paper,8x10-1/2,"Letter from H. Wickham to Frederick J. Kimball, N&W President","Letter from the president of the Southwest Virginia Improvement Company informing Frederick Kimball of a property dispute along the Simmons Creek branch in Mercer County, West Virginia, and requesting the railroad halt construction of siding",
108,,,SalemAve,letter,"Wickham, H.",05/14/1885,paper,8x10-1/2,"Letter from H. Wickham to Frederick J. Kimball, N&W President","Letter from the president of the Southwest Virginia Improvement Company following up on a message of the previous day regarding a property dispute along the Simmons Creek branch in Mercer County, West Virginia",
109,,,SalemAve,letter,"Wickham, H.",05/13/1885,paper,8x10-1/2,"Letter from H. Wickham to Frederick J. Kimball, N&W President",Letter from the president of the Southwest Virginia Improvement Company discussing coal rates in relation to the C&O Railway,
110,,,SalemAve,letter,"Wickham, H.",05/12/1885,paper,8x10-1/2,"Letter from H. Wickham to Frederick J. Kimball, N&W President",Letter from the president of the Southwest Virginia Improvement Company negotiating coal shipment rates and car allotment ,
111,,,SalemAve,letter,"Wickham, H.",04/27/1885,paper,8x10-1/2,"Letter from H. Wickham to Frederick J. Kimball, N&W President",Letter from the president of the Southwest Virginia Improvement Company discussing coal shipment contract matters,
112,,,SalemAve,letter,"Wickham, H.",04/17/1885,paper,8x10-1/2,"Letter from H. Wickham to Frederick J. Kimball, N&W President",Letter from the president of the Southwest Virginia Improvement Company requesting Frederick Kimball's agreement in coal shipment contract matters,
113,,,SalemAve,letter,"Wickham, H.",03/17/1885,paper,8x10-1/2,"Letter from H. Wickham to Frederick J. Kimball, N&W President",Letter from the president of the Southwest Virginia Improvement Company thanking Frederick Kimball for his offer to supply lumber and construction services in the erection of a tipple at a Pocahontas Coal & Coke Company mine,
114,,,SalemAve,letter,"Wickham, H.",03/16/1885,paper,8x10-1/2,"Letter from H. Wickham to Frederick J. Kimball, N&W President",Letter from the president of the Southwest Virginia Improvement Company addressing coal purchasing from the N&W Railroad ,
115,,,SalemAve,letter,"Wickham, H.",03/10/1885,paper,8x10-1/2,"Letter from H. Wickham to Frederick J. Kimball, N&W President",Letter from the president of the Southwest Virginia Improvement Company discussing a discrepency over payment for the services,
116,,,SalemAve,letter,"Wickham, H.",03/06/1885,paper,8x10-1/2,"Letter from H. Wickham to Frederick J. Kimball, N&W President",Letter from the president of the Southwest Virginia Improvement Company discussing a discrepency over payment for the services relating to a Johnston property ,
117,,,SalemAve,letter,"Wickham, H.",02/19/1885,paper,8x10-1/2,"Letter from H. Wickham to Frederick J. Kimball, N&W President",Letter from the president of the Southwest Virginia Improvement Company discussing the status of an open account with the N&W Railroad,
118,,,SalemAve,letter,"Wickham, H.",02/17/1885,paper,8x10-1/2,"Letter from H. Wickham to Frederick J. Kimball, N&W President",Letter from the president of the Southwest Virginia Improvement Company threatening to collect thousands of dollars in debt owed by the N&W Railroad ,
119,,,SalemAve,letter,"Wickham, H.",02/06/1885,paper,8x10-1/2,"Letter from H. Wickham to Frederick J. Kimball, N&W President",Letter from the president of the Southwest Virginia Improvement Company requesting more coal cars to sustain output,
120,,,SalemAve,letter,"Wickham, H.",02/03/1885,paper,8x10-1/2,"Letter from H. Wickham to Frederick J. Kimball, N&W President",Letter from the president of the Southwest Virginia Improvement Company updating Frederick Kimball on the output of the Pocahontas Coal & Coke Company mines for  January 1885,
121,,,SalemAve,letter,"Wickham, H.",02/03/1885,paper,8x10-1/2,"Letter from H. Wickham to Frederick J. Kimball, N&W President",Letter from the president of the Southwest Virginia Improvement Company updating Frederick Kimball on the output of the Pocahontas Coal & Coke Company mines for  February 1885,
122,,,SalemAve,letter,"Wickham, H.",01/27/1885,paper,8x10-1/2,"Letter from H. Wickham to Frederick J. Kimball, N&W President","Letter from the president of the Southwest Virginia Improvement Company requesting payment for coal provided during October, November, and December 1885",
123,,,SalemAve,letter,"Wickham, H.",01/11/1885,paper,8x10-1/2,"Letter from H. Wickham to Frederick J. Kimball, N&W President","Letter from the president of the Southwest Virginia Improvement Company requesting a rail pass for travel to Pocahontas, Virginia",
124,,,SalemAve,letter,"Wilkins, Rob",05/09/1888,paper,8x10-3/4,"Letter from Rob Wilkins to Frederick J. Kimball, N&W President","Letter from an associate at the McReath Chemical Laboratory in Harrisburg, Pennsylvania, regarding the proper sand composition for bottles, lamp chimneys, and globes ",
125,,,SalemAve,letter,"Wilkins, George C.",11/25/1887,paper,8x10,"Letter from George C. Wilkins to Frederick J. Kimball, N&W President",Letter from the general agent of the Northern Central Railway Company recommending the services of architect W. B. Powell; drawing for the Baltimore Union Station mentioned but missing,
126,,,SalemAve,letter,"Wilkins, George C.",11/16/1887,paper,8x10,"Letter from George C. Wilkins to Frederick J. Kimball, N&W President",Letter from the general agent of the Northern Central Railway Company agreeing to send Frederick Kimball a blueprint of Baltimore Union Station,
127,,,SalemAve,letter,"Wilson, S. R. ",04/20/1887,paper,5-1/4x8,"Letter from S. R. Wilson to Frederick J. Kimball, N&W President","Letter from a Western Union employee informing Frederick Kimball of a code address for cablegrams sent to Vivian Gray & Company, London",
128,,,SalemAve,letter,"Willard, E. J.",04/30/1887,paper,8-1/4x10-3/4,"Letter from E. J. Willard to Frederick J. Kimball, N&W President ",Letter thanking Frederick Kimball on behalf of the vice president of the Louisville & Nashville Railroad for providing rail passes,
129,,,SalemAve,letter,"Willard, E. J.",04/28/1887,paper,8-1/4x10-3/4,"Letter from E. J. Willard to Frederick J. Kimball, N&W President ",Letter from an employee of the Louisville & Nashville Railroad requesting a rail pass ,
130,,,SalemAve,letter,"Willard, E. J.",01/31/1887,paper,8-1/4x10-3/4,"Letter from E. J. Willard to Frederick J. Kimball, N&W President ","Letter from an employee of the Louisville & Nashville Railroad requesting a rail pass to visit Luray and Natural Bridge, Virginia",
131,,,SalemAve,letter,"Wilkins, George C.",01/08/1887,paper,8x10,"Letter from George C. Wilkins to Frederick J. Kimball, N&W President",Letter from the general agent of the Northern Central Railway Company discussing personnel matters ,
132,,,SalemAve,letter,"Wickham, H.",01/21/1885,paper,8x10-1/2,"Letter from H. Wickham to Frederick J. Kimball, N&W President",Letter from the president of the vice president of the Southwest Virginia Improvement Company thanking Frederick Kimball for providing a rail pass from Waynesboro and updating Kimball on the health of a railroad official,
133,,,SalemAve,letter,"Williams, Jenny Perkins",3/22/1887,paper,8x11,"Letter from Jenny Perkins Williams to Frederick J. Kimball, N&W President",Letter from a N&W stockholder with a poem thanking Frederick Kimball for providing a share of the company to the author,
134,,,SalemAve,letter,"Williams, [first name]",03/10/1887,paper,5x8,Letter from Mr. Williams to J. E. Doran,Letter discussing statements for newspaper publication; forwarded to Frederick Kimball ,
135,,,SalemAve,letter,"Williams, [first name]",02/01/188,paper,5-3/4x9,Letter from Mr. Williams to J. E. Doran,Letter inquiring when the author can visit the N&W legal department; forwarded to Frederick Kimball,
136,,,SalemAve,letter,"Williams, R.A ",11/02/1887,paper,5-1/2x8-1/2,"Letter from R. A. Williams to Frederick J. Kimball, N&W President",Letter discussing lumber business ,
137,,,SalemAve,letter,"Williams, R.A ",12/11/1887,paper,5-1/2x8-1/2,"Letter from R. A. Williams to Frederick J. Kimball, N&W President","Letter from lumber merchants seeking to do business with mills along the N&W line for sale in Philadelphia, Pennsylvania",
138,,,SalemAve,letter,"Williams, R.A ",12/09/1887,paper,5-1/2x8-1/2,"Letter from R. A. Williams to Frederick J. Kimball, N&W President",Letter from lumber merchants requesting the names of mill operators along the N&W line with which to do business,
139,,,SalemAve,letter,"Williams, S. W. ",07/19/1885,paper,8-1/2x11,"Letter from S. W. Williams to Frederick J. Kimball, N&W President",Letter from a Virginia state senator requesting a rail pass from Wytheville to Lynchburg and Richmond for him and his sister,
140,,,SalemAve,letter,"Williams, E. Calvin",06/04/1885,paper,5x8,"Letter from E. Calvin Williams to Frederick J. Kimball, N&W President ",Letter discussing property matters and requesting to arrange a meeting with Frederick Kimball and members of the N&W board,
141,,,SalemAve,letter,"Williams, E. Calvin",06/02/1885,paper,8x10,"Letter from E. Calvin Williams to Frederick J. Kimball, N&W President ",Letter requesting a meeting with Frederick Kimball and members of the N&W board,
142,,,SalemAve,letter,"Williams, E. Calvin",05/26/1885,paper,8x10,"Letter from E. Calvin Williams to Frederick J. Kimball, N&W President ",Letter requesting a meeting with Frederick Kimball and members of the N&W board,
143,,,SalemAve,letter,"Williams, E. Calvin",05/27/1885,paper,8x10,"Letter from E. Calvin Williams to Frederick J. Kimball, N&W President ",Letter discussing bill of lading matters ,
144,,,SalemAve,letter,"Williams, E. Calvin",05/21/1885,paper,8x10,"Letter from E. Calvin Williams to Frederick J. Kimball, N&W President ",Letter discussing meeting with Frederick Kimball and Mr. Bullitt,
145,,,SalemAve,telegram,"Williams, E. Calvin",05/21/1885,paper,8x6,"Telegram from E. Calvin Williams to Frederick J. Kimball, N&W President",Message indicating the author's availability for a meeting,
146,,,SalemAve,telegram,"Williams, E. Calvin",n.d.,paper,8x6,"Telegram from E. Calvin Williams to Frederick J. Kimball, N&W President",Message expressing content to meet with Mr. Bullitt ,
147,,,SalemAve,telegram,"Williams, E. Calvin",06/02/1885,paper,8x6,"Telegram from E. Calvin Williams to Frederick J. Kimball, N&W President",Message letting know that the author will write Frederick Kimball upon seeing Mr. Baker,
148,,,SalemAve,letter,"Williams, R. A. ",04/07/1885,paper ,5-1/2x8-1/2,"Letter from R. A. Williams to Frederick J. Kimball, N&W President",Letter recommending Frederick Kimball employ C. N. Robinson as a civil engineer ,
149,,,SalemAve,letter,"Williams, R. A. ",04/08/1885,paper,5-1/2x8-1/2,"Letter from R. A. Williams to Frederick J. Kimball, N&W President",Letter requesting that Frederick Kimball advise C. N. Robinson in finding employment with a railroad; letter from Robinson enclosed ,
150,,,SalemAve,letter,"Wilson, John",08/01/1887,paper,8x10-1/4,"Letter from John Wilson to Frederick J. Kimball, N&W President","Letter from the General Freight Traffic Agent of the  Pennsylvania Railroad discussing rail line between Alexandria, Richmond, and Portsmouth",
151,,,SalemAve,letter,"Wilson, John",07/16/1887,paper,8x10-1/4,"Letter from John Wilson to Frederick J. Kimball, N&W President",Letter from the General Freight Traffic Agent of the  Pennsylvania Railroad seeking to arrange a meeting with Frederick Kimball ,
152,,,SalemAve,letter,"Wilson, John",07/14/1887,paper,8x10-1/4,"Letter from John Wilson to Frederick J. Kimball, N&W President","Letter from the General Freight Traffic Agent of the Pennsylvania Railroadnotifying Frederick Kimball of mileage from New York, New York, to Memphis, Tennessee, via the Pennsylvania Railroad ",
153,,,SalemAve,letter,"Willard, E. J.",02/18/1887,paper,8-1/4x10-3/4,"Letter from E. J. Willard to Frederick J. Kimball, N&W President ",Letter from a Louisville & Nashville Railroad employee apologizing for delaying in providing Frederick Kimball his requested rail pass,
154,,,SalemAve,letter,"Wilson, Colston & Co.",10/11/1886,paper,8x10-1/2,"Letter from Wilson, Colston & Co. Bank to Frederick J. Kimball, N&W President","Letter from the Wilson, Colston & Co. Bank notifying Frederick Kimball of the bank's inability to fulfill requested services",
155,,,SalemAve,letter,"Wilson, John",02/23/1886,paper,8x10-1/4,"Letter from John Wilson to Frederick J. Kimball, N&W President",Letter from the General Freight Traffic Agent of the  Pennsylvania Railroad discussing coke production; report mentioned but not attached,
156,,,SalemAve,letter,"Wilson, John",02/18/1886,paper,8x10-1/4,"Letter from John Wilson to Frederick J. Kimball, N&W President",Letter from the General Freight Traffic Agent of the Pennsylvania Railroad acknowledging receipt of a request from Frederick Kimball to supply data on coke production,
157,,,SalemAve,letter,"Wilson, Colston & Co. ",10/20/1885,paper,5-1/2x8-1/2,"Letter from Wilson, Colston & Co. Bank to Frederick J. Kimball, N&W President","Letter from the Wilson, Colston & Co. Bank acknowledging receipt of previous letter from Frederick Kimball",
158,,,SalemAve,letter,"Wilson, Colston & Co.",10/19/1885,paper,5-1/2x8-1/2,"Letter from Wilson, Colston & Co. Bank to Frederick J. Kimball, N&W President","Letter from the Wilson, Colston & Co. Bank discussing N&W stock",
159,,,SalemAve,letter,"Wilson, Colston & Co.",10/15/1885,paper,5-1/2x8-1/2,"Letter from Wilson, Colston & Co. Bank to Frederick J. Kimball, N&W President",Letter arranging a meeting between Frederick Kimball and Mr. Colston,
160,,,SalemAve,letter,"Wilson, John",10/10/1885,paper ,8x10-1/4,"Letter from John Wilson to Frederick J. Kimball, N&W President",Letter from the General Freight Traffic Agent of the  Pennsylvania Railroad expressing desire to work with the N&W in the future,
161,,,SalemAve,letter,"Wilson, Colston & Co.",04/24/1885,paper,8x10-1/2,"Letter from Wilson, Colston & Co. Bank to Frederick J. Kimball, N&W President","Letter from the Wilson, Colston & Co. Bank discussing N&W stock",
162,,,SalemAve,telegram,"Wilson, Colston & Co.",n.d.,paper,8x6,"Telegram from Wilson, Colston & Co. Bank to Frederick J. Kimball","Message from the Wilson, Colston & Co. Bank discussing N&W stock",
163,,,SalemAve,letter,"Wilson, John",03/18/1885,paper,8x10-1/2,"Letter from John Wilson to Frederick J. Kimball, N&W President",Letter from the General Freight Traffic Agent of the  Pennsylvania Railroad discussing coal shipments,
164,,,SalemAve,letter,"Wilson, John",03/13/1885,paper,8x10-1/2,"Letter from John Wilson to Frederick J. Kimball, N&W President",Letter from the General Freight Traffic Agent of the  Pennsylvania Railroad discussing manipulation of the coal market ,
165,,,SalemAve,letter,"Wilson, John",03/07/1885,paper,8x10-1/2,"Letter from John Wilson to Frederick J. Kimball, N&W President",Letter from the General Freight Traffic Agent of the  Pennsylvania Railroad discussing meeting with Commodore McGready ,
166,,,SalemAve,letter,"Wilson, John",03/06/1885,paper,8x10-1/2,"Letter from John Wilson to Frederick J. Kimball, N&W President",Letter from the General Freight Traffic Agent of the  Pennsylvania Railroad discussing meeting with Commodore McGready in New York,
167,,,SalemAve,letter,"Wilson, John",03/04/1885,paper,8x10-1/2,"Letter from John Wilson to Frederick J. Kimball, N&W President",Letter from the General Freight Traffic Agent of the  Pennsylvania Railroad discussing accusations of manipulation of the coal market ,
168,,,SalemAve,letter,"Wilson, John",03/03/1885,paper,8x10-1/2,"Letter from John Wilson to Frederick J. Kimball, N&W President",Letter from the General Freight Traffic Agent of the  Pennsylvania Railroad discussing accusations of manipulation of the coal market ,
169,,,SalemAve,letter,"Wilson, John",02/13/1885,paper,8x10-1/2,"Letter from John Wilson to Frederick J. Kimball, N&W President",Letter from the General Freight Traffic Agent of the  Pennsylvania Railroad discussing accusations of manipulation of the coal market ,
170,,,SalemAve,telegram,"Wilson, John",02/20/1885,paper,5-1/2x8-1/2,"Telegram from John Wilson to Frederick J. Kimball, N&W President",Message from the General Freight Traffic Agent of the  Pennsylvania Railroad arranging to meet with Frederick Kimball and Mr. Hatch,
171,,,SalemAve,letter,"Wilson, John",02/20/1885,paper,8x10-1/2,"Letter from John Wilson to Frederick J. Kimball, N&W President",Letter from the General Freight Traffic Agent of the  Pennsylvania Railroad arranging a meeting with Frederick Kimball,
172,,,SalemAve,telegram,"Harriott, Frank",02/10/1885,paper,8x6,Telegram from Frank Harriott to John Wilson,Message from Frank Harriott to John Wilson discussing competiton with the C&O and N&W; forwarded to Frederick Kimball,
173,,,SalemAve,letter,"Wilson, John",02/09/1885,paper,8x10-1/2,"Letter from John Wilson to Frederick J. Kimball, N&W President",Letter from the General Freight Traffic Agent of the  Pennsylvania Railroad rejecting false statements relating to coal market manipulation published in a newspaper ,
174,,,SalemAve,letter,"Wilson, John",02/05/1885,paper,8x10-1/2,"Letter from John Wilson to Frederick J. Kimball, N&W President",Letter from the General Freight Traffic Agent of the  Pennsylvania Railroad requesting that Frederick Kimball investigate possible manipulation of the coal market,
175,,,SalemAve,letter,"Wilson, John",02/02/1885,paper,8x10-1/2,"Letter from John Wilson to Frederick J. Kimball, N&W President",Letter from the General Freight Traffic Agent of the  Pennsylvania Railroad providing information about coal rates,
176,,,SalemAve,letter,"Wilson, John",01/31/1885,paper,8x10-1/2,"Letter from John Wilson to Frederick J. Kimball, N&W President","Letter from the General Freight Traffic Agent of the  Pennsylvania Railroad acknowledging receipt of an inquiry from Frederick Kimball about coal prices in the Pocahontas, Virginia",
177,,,SalemAve,letter,"Wilson, John",01/29/1885,paper,8x10-1/2,"Letter from John Wilson to Frederick J. Kimball, N&W President",Letter from the General Freight Traffic Agent of the  Pennsylvania Railroad requesting that Frederick Kimball investigate possible manipulation of the coal market,
178,,,SalemAve,letter,"Wilson, John",01/23/1885,paper,8x10,"Letter from John Wilson to Frederick J. Kimball, N&W President",Letter from the General Freight Traffic Agent of the  Pennsylvania Railroad providing information about coal rates,
179,,,SalemAve,letter,"Williams, R. A. ",01/27/1885,paper,5-1/2x8-1/2,"Letter from R. A. Williams to Frederick J. Kimball, N&W President",Letter from Philadelphia lumber merchants to thanking Frederick Kimball for recommending that the author's wife visit Luray and Natural Bridge in Virginia,
180,,,SalemAve,letter,"Kimball, Frederick",10/09/1885,paper,8-1/2x11-1/2,"Letter from Frederick Kimball, N&W President, to John Wilson",Letter from Frederick Kimball to the General Freight Traffic Agent of the Pennsylvania Railroad discussing the potential of the Clyde Steamship Company to seek the business of the N&W,
181,,,SalemAve,letter,"Wistar, Dillwyn",07/19/1888,paper,8-1/4x10-3/4,"Letter from Dillwyn Wistar to Frederick J. Kimball, N&W President",Letter from a Philadelphia real estate investor furnishing information about the status of plot of land,
182,,,SalemAve,letter,"Wise, John S.",08/15/1888,paper,5-3/4x9,"Letter from John S. Wise to Frederick J. Kimball, N&W President","Letter from an East Tennessee & Western North Carolina Railroad executive requesting a rail pass for his daughter and wife between Bristol, Roanoke, and Norfolk",
183,,,SalemAve,letter,"Witherow, James P.",07/25/1888,paper,8x10-1/2,"Letter from James P. Witherow to Frederick J. Kimball, N&W President","Letter from an engineer of a furnance and mill machinery company in New Castle, Pennsylvania, notifying Frederick Kimball of a shipment to Ivanhoe, Virginia",
184,,,SalemAve,telegram,"Witherow, James P.",11/25/1887,paper,5-1/4x8,"Telegram from James P. Witherow to Frederick J. Kimball, N&W President","Message from an engineer of a furnance and mill machinery company in New Castle, Pennsylvania, notifying Frederick Kimball of a shipment to Ivanhoe, Virginia",
185,,,SalemAve,letter,"Witherow, James P.",11/08/1887,paper,8x10-1/2,"Letter from James P. Witherow to Frederick J. Kimball, N&W President","Letter from an engineer of a furnance and mill machinery company in New Castle, Pennsylvania, discussing progress of furnaces at Ivanhoe and Pulaski, Virginia",
186,,,SalemAve,letter,"Witherow, James P.",02/26/1887,paper,5-1/4x8,"Telegram from James P. Witherow to Frederick J. Kimball, N&W President","Message from an engineer of a furnance and mill machinery company in New Castle, Pennsylvania, extending thanks to Frederick Kimball",
187,,,SalemAve,letter,"Witherow, James P.",09/24/1887,paper,5-1/4x8,"Telegram from James P. Witherow to Frederick J. Kimball, N&W President","Message from an engineer of a furnance and mill machinery company in New Castle, Pennsylvania, inquiring about shiping rates for furnance materials",
188,,,SalemAve,letter,"Witherow, James P.",09/21/1887,paper,5-1/4x8,"Telegram from James P. Witherow to Frederick J. Kimball, N&W President","Message from an engineer of a furnance and mill machinery company in New Castle, Pennsylvania, discussing matters at Keystone Junction",
189,,,SalemAve,letter,"Wister, John",02/26/1887,paper,5-3/4x9-1/4,"Letter from John Wister to Frederick J. Kimball, N&W President ",Letter from the president of the Duncannon Iron Company expressing appreciation for information regarding Cripple Creek ovens,
190,,,SalemAve,letter,"Witherow, James P.",n.d.,paper,5-1/4x8,"Telegram from James P. Witherow to Frederick J. Kimball, N&W President","Message from an engineer of a furnance and mill machinery company in New Castle, Pennsylvania, notifying Frederick Kimball of an incoming letter containing measurements for a furnace",
191,,,SalemAve,letter,"Winch, Louis H.",04/05/1887,paper,5-1/2x9,"Letter from Louis H. Winch to Frederick J. Kimball, N&W President","Letter requesting a copy of McCreath's ""Mineral Wealth of Virginia""",
192,,,SalemAve,letter,"Wister, Rodman R. ",03/30/1887,paper,5-1/2x8,"Letter from Rodman R. Wister to Frederick J. Kimball, N&W President",Letter from an iron merchant agreeing to Frederick Kimball's offer of twenty cars per day for shipping product,
193,,,SalemAve,letter,"Witherow, James P.",03/30/1887,paper,8x10-1/2,"Letter from James P. Witherow to Frederick J. Kimball, N&W President","Letter from an engineer of a furnance and mill machinery company in New Castle, Pennsylvania, discussing progress of furnaces at Pulaski, Virginia",
194,,,SalemAve,letter,"Wister, Jones",03/29/1887,paper,5-3/4x9,"Letter from Jones Wister to Frederick J. Kimball, N&W president",Letter from an iron merchant discussing car allotment and siding ,
195,,,SalemAve,telegram,"Witherow, James P.",03/17/1887,paper,5-1/2x8-1/2,"Telegram from James P. Witherow to Frederick J. Kimball, N&W President","Message from an engineer of a furnance and mill machinery company in New Castle, Pennsylvania, foundation work for a furnace",
196,,,SalemAve,telegram,"Wise, John S.",03/02/1887,paper,5-3/4x9,"Letter from John S. Wise to Frederick J. Kimball, N&W President",Letter from an East Tennessee & Western North Carolina executive requesting a rail pass between Bristol and Roanoke,
197,,,SalemAve,letter,"Witherow, James P.",02/23/1887,paper,8x10-1/2,"Letter from James P. Witherow to Frederick J. Kimball, N&W President","Letter from an iron manufacturer discussing the surveying of a new furnace at Pulaski, Virginia",
198,,,SalemAve,letter,"Wister, Langhorne",02/23/1887,paper,5-1/2x8,"Letter from Langhorne Wister to Frederick J. Kimball, N&W President",Letter from an iron merchant thanking Frederick Kimball for efforts with Mayor Bent,
199,,,SalemAve,letter,"Witherow, James P.",02/19/1887,paper,8x10-1/2,"Letter from James P. Witherow to Frederick J. Kimball, N&W President","Letter from an engineer of a furnance and mill machinery company in New Castle, Pennsylvania, discussing location of a furnace in Pulaski, Virginia",
200,,,SalemAve,letter,"Witherow, James P.",02/11/1887,paper,8x10-1/2,"Letter from James P. Witherow to Frederick J. Kimball, N&W President","Letter from an engineer of a furnance and mill machinery company in New Castle, Pennsylvania, discussing location of a furnace in Pulaski, Virginia; drawings mentioned but not attached",
201,,,SalemAve,letter,"Witherow, James P.",02/07/1887,paper,8x10-1/2,"Letter from James P. Witherow to Frederick J. Kimball, N&W President","Letter from an engineer of a furnance and mill machinery company in New Castle, Pennsylvania, discussing contract matters for a new furnance and siding in Pulaski, Virignia",
202,,,SalemAve,telegram,"Witherow, James P.",n.d.,paper,,"Telegram from James P. Witherow to Frederick J. Kimball, N&W President","Message from an engineer of a furnace and mill machinery company in New Castle, Pennsylvania, notifying Frederick Kimball that a contract for a new furnace in Pulaski, Virginia,  has been approved and materials ordered  ",
203,,,SalemAve,telegram,"Witherow, James P.",02/07/1887,paper,,"Telegram from James P. Witherow to Frederick J. Kimball, N&W President",Message notifying Frederick Kimball of James Witherow's absence and inability to arrange a meeting  ,
204,,,SalemAve,telegram,"Witherow, James P.",02/03/1887,paper,,"Telegram from James P. Witherow to Frederick J. Kimball, N&W President","Message notifying Frederick Kimball on the travels of James Witherow, delaying action on the planning for a new furnace in Pulaski, Virginia ",
205,,,SalemAve,letter,"Witherow, James P.",02/03/1887,paper,,"Letter from James P. Witherow to Frederick J. Kimball, N&W President","Letter from an engineer of a furnace and mill machinery company in New Castle, Pennsylvania, notifying Frederick Kimball of the author's absence and the consequences for the planning of a new furnace in Pulaski, Virginia ",
206,,,SalemAve,letter,"Witherow, James P.",01/27/1887,paper,,"Letter from James P. Witherow to Frederick J. Kimball, N&W President","Letter from an engineer of a furnace and mill machinery company in New Castle, Pennsylvania, discussing hardware shortages and the need to finalize plans for a new furnace in Pulaski, Virginia",
207,,,SalemAve,telegram,"Witherow, James P.",01/24/1887,paper,,"Telegram from James P. Witherow to Frederick J. Kimball, N&W President","Message from an engineer of a furnace and mill machinery company in New Castle, Pennsylvania, discussing contract matters for a new furnace in Pulaski, Virginia",
208,,,SalemAve,telegram,"Witherow, James P.",01/27/1887,paper,,"Telegram from James P. Witherow to Frederick J. Kimball, N&W President","Message from an engineer of a furnace and mill machinery company in New Castle, Pennsylvania, stressing urgency of ordering materials for a new furnace in Pulaski, Virginia",
209,,,SalemAve,telegram,"Witherow, James P.",12/11/1886,paper,,"Telegram from James P. Witherow to Frederick J. Kimball, N&W President","Message from an engineer of a furnace and mill machinery company in New Castle, Pennsylvania, requesting a meeting to discuss planning of a new furnace in Pulaski, Virginia",
210,,,SalemAve,telegram,"Witherow, James P.",n.d.,paper,,"Telegram from James P. Witherow to Frederick J. Kimball, N&W President","Message from an engineer of a furnace and mill machinery company in New Castle, Pennsylvania, requesting a meeting to discuss planning of a new furnace in Pulaski, Virginia",
211,,,SalemAve,telegram,"Witherow, James P.",1/16/1887,paper,,"Telegram from James P. Witherow to Frederick J. Kimball, N&W President","Message from an engineer of a furnace and mill machinery company in New Castle, Pennsylvania, requesting a meeting to discuss planning of a new furnace in Pulaski, Virginia",
212,,,SalemAve,telegram,"Witherow, James P.",12/05/1886,paper,,"Telegram from James P. Witherow to Frederick J. Kimball, N&W President","Message from an engineer of a furnace and mill machinery company in New Castle, Pennsylvania, discussing contract matters for a new furnace in Pulaski, Virginia",
213,,,SalemAve,telegram,"Witherow, James P.",12/27/1886,paper,,"Telegram from James P. Witherow to Frederick J. Kimball, N&W President","Message from an engineer of a furnace and mill machinery company in New Castle, Pennsylvania, confirming meeting date to discuss a new furnace at Pulaski, Virginia",
214,,,SalemAve,telegram,"Witherow, James P.",12/23/1886,paper,,"Telegram from James P. Witherow to Frederick J. Kimball, N&W President","Message from an engineer of a furnace and mill machinery company in New Castle, Pennsylvania, notifying Frederick Kimball of the author's availability",
215,,,SalemAve,telegram,"Witherow, James P.",12/10/1886,paper,,"Telegram from James P. Witherow to Frederick J. Kimball, N&W President","Message from an engineer of a furnace and mill machinery company in New Castle, Pennsylvania, confirming meeting date to discuss a new furnace at Pulaski, Virginia",
216,,,SalemAve,telegram,"Witherow, James P.",12/07/1886,paper,,"Telegram from James P. Witherow to Frederick J. Kimball, N&W President","Message from an engineer of a furnace and mill machinery company in New Castle, Pennsylvania, notifying Frederick Kimball of the author's intent to attend a meeting to discuss a new furnace in Pulaski, Virginia",
217,,,SalemAve,telegram,"Witherow, James P.",12/03/1886,paper,,"Telegram from James P. Witherow to Frederick J. Kimball, N&W President","Message from an engineer of a furnace and mill machinery company in New Castle, Pennsylvania, discussing the location of a new furnace in Pulaski, Virginia",
218,,,SalemAve,telegram,"Witherow, James P.",11/15/1886,paper,,"Telegram from James P. Witherow to Frederick J. Kimball, N&W President","Message from an engineer of a furnace and mill machinery company in New Castle, Pennsylvania, thanking Frederick Kimball and confirming a follow-up meeting to discuss a new furnace in Pulaski, Virginia",
219,,,SalemAve,telegram,"Witherow, James P.",11/14/1886,paper,,"Telegram from James P. Witherow to Frederick J. Kimball, N&W President","Message from an engineer of a furnace and mill machinery company in New Castle, Pennsylvania, confirming meeting attendance to discuss a new furnace at Pulaski, Virginia",
220,,,SalemAve,letter,"Witherow, James P.",11/10/1886,paper,,"Telegram from James P. Witherow to Frederick J. Kimball, N&W President","Message from an engineer of a furnace and mill machinery company in New Castle, Pennsylvania, notifying Frederick Kimball of the author's travel schedule as it relates to a meeting to discuss a new furnace at Pulaski, Virginia",
221,,,SalemAve,letter,"Wise, John S.",10/06/1886,paper,,"Letter from John S. Wise to Frederick J. Kimball, N&W President",Letter from an East Tennessee & Western North Carolina Railroad executive requesting a rail pass for the president of the company and his wife between Roanoke and Bristol,
222,,,SalemAve,letter,"Witherow, James P.",07/19/1886,paper,,"Letter from James P. Witherow to Frederick J. Kimball, N&W President","Letter from an engineer of a furnace and mill machinery company in New Castle, Pennsylvania, discussing the broader steel manufacturing and coke production market as it relates to Frederick Kimball's plans in the Cripple Creek region of Virginia",
223,,,SalemAve,letter,"Witherow, James P.",07/10/1886,paper,,Letter from James P. Witherow to John W. Robinson,"Letter from an engineer of a furnace and mill machinery company in New Castle, Pennsylvania, to a colleague expressing apprehension towards building a coke furnace operation for the N&W Railroad; forwarded to Frederick Kimball",
224,,,SalemAve,letter,"Wise, John S.",06/08/1886,paper,,"Letter from John S. Wise to Frederick J. Kimball, N&W President","Letter from an employee of the Cranbery Iron and Coal Company seeking to arrange a meeting between Ario Pardee, Jr., and Frederick Kimball",
225,,,SalemAve,letter,"Witherow, James P.",06/07/1886,paper,,"Letter from James P. Witherow to Frederick J. Kimball, N&W President","Letter from an engineer of a furnace and mill machinery company in New Castle, Pennsylvania, discussing the manufacturing market and arranging a meeting with Frederick Kimball",
226,,,SalemAve,letter,"Wise, John S.",05/29/1886,paper,,"Letter from John S. Wise to Frederick J. Kimball, N&W President",Letter from an East Tennessee & Western North Carolina executive requesting a rail pass for his school-aged sons to visit Southwest Virginia,
227,,,SalemAve,telegram,"Witherow, James P.",n.d.,paper,,"Telegram from James P. Witherow to Frederick J. Kimball, N&W President","Message from an engineer of a furnace and mill machinery company in New Castle, Pennsylvania, notifying Frederick Kimball of when he can expect to receive plans and cost estimates ",
228,,,SalemAve,telegram,"Witherow, James P.",05/28/1886,paper,,"Telegram from James P. Witherow to Frederick J. Kimball, N&W President","Message from an engineer of a furnace and mill machinery company in New Castle, Pennsylvania, notifying Frederick Kimball of when he can expect to receive plans and cost estimates ",
229,,,SalemAve,letter,"Wise, John S.",05/11/1886,paper,,"Letter from John S. Wise to Frederick J. Kimball, N&W President",Letter from an East Tennessee & Western North Carolina executive requesting rail passes for company board members,
230,,,SalemAve,letter,"Witherow, James P.",05/01/1886,paper,,"Letter from James P. Witherow to Frederick J. Kimball, N&W President","Letter from an engineer of a furnace and mill machinery company in New Castle, Pennsylvania, discussing hardware availability for a meeting",
231,,,SalemAve,letter,"Witherow, James P.",04/23/1886,paper,,"Letter from James P. Witherow to Frederick J. Kimball, N&W President","Letter from an engineer of a furnace and mill machinery company in New Castle, Pennsylvania, notifying Frederick Kimball of the author's meeting availability",
232,,,SalemAve,letter,"Wise, John S.",04/10/1886,paper,,"Letter from John S. Wise to Frederick Kimball, N&W President",Letter from an East Tennessee & Western North Carolina executive bringing a dispute over rail passes to Frederick Kimball's attention; letter from a separate author enclosed,
233,,,SalemAve,letter,"Witherow, James P.",02/04/1886,paper,,"Letter from James P. Witherow to Frederick J. Kimball, N&W President","Letter from an engineer of a furnace and mill machinery company in New Castle, Pennsylvania, requesting that Frederick Kimball mail drawings left behind at a meeting",
234,,,SalemAve,telegram,"Witherow, James P.",n.d.,paper,,"Letter from James P. Witherow to Frederick J. Kimball, N&W President","Message from an engineer of a furnace and mill machinery company in New Castle, Pennsylvania, notifying Frederick Kimball to expect a meeting ",
235,,,SalemAve,letter,"Wise, John S.",10/17/1885,paper,,"Letter from John S. Wise to Frederick J. Kimball, N&W President",Letter from an East Tennessee & Western North Carolina executive requesting rail passes for company board members between Lynchburg and Bristol,
236,,,SalemAve,letter,"Wise, John S.",08/21/1885,paper,,"Letter from John S. Wise to Frederick J. Kimball, N&W President",Letter from an East Tennessee & Western North Carolina executive requesting a rail pass between Norfolk and Bristol for an employee ,
237,,,SalemAve,letter,"Witherow, James P.",05/12/1885,paper,,"Letter from John S. Wise to Frederick J. Kimball, N&W President","Letter from an engineer of a furnace and mill machinery company in New Castle, Pennsylvania, notifying Frederick Kimball of advancements in steel production",
238,,,SalemAve,letter,"Wise, John S.",05/11/1885,paper,,"Letter from John S. Wise to Frederick J. Kimball, N&W President",Letter from an East Tennessee & Western North Carolina executive requesting rail passes between Roanoke and Bristol for company board members,
239,,,SalemAve,letter,"Withers, S. P. ",02/21/1885,paper,,"Letter from S. P. Withers to Frederick J. Kimball, N&W President","Letter from an Abingdon, Virginia, resident requesting a rail pass between Roanoke and Philadelphia for his ill wife to see a reputable doctor",
240,,,SalemAve,letter,"Wise, John S.",02/13/1885,paper,,"Letter from John S. Wise to Frederick J. Kimball, N&W President",Letter from an East Tennessee & Western North Carolina executive discussing pig iron production,
241,,,SalemAve,letter,"Wood, H. G. ",12/10/1888,paper,,"Letter from H. G. Wood to Frederick J. Kimball, N&W President","Letter from an associate of the Colby, Abbot & Hoyt financial firm offering his services to Frederick Kimball",
242,,,SalemAve,letter,"Wood, Richard D. ",05/19/1888,paper,,"Letter from Richard D. Wood to Frederick J. Kimball, N&W President",Letter from an iron manufacturer acknowledging receipt of documents sent by Frederick Kimball ,
243,,,SalemAve,letter,"Wood, H. G. ",01/04/1888,paper,,"Letter from H. G. Wood to Frederick J. Kimball, N&W President",Letter seeking employment in the N&W Railroad corporate office,
244,,,SalemAve,letter,"Wood, H. G. ",11/29/1887,paper,,"Letter from H. G. Wood to Frederick J. Kimball, N&W President",Letter requesting rail passes between Bristol and Petersburg for delegates from Scott and Lee Counties between,
245,,,SalemAve,letter,"Wood, A. W. ",09/05/1887,paper,,"Letter from A. W. Wood to Frederick J. Kimball, N&W President","Letter requesting requesting a rail pass to Norfolk, Virginia, for the president of the Warren & Farnsworth Railroad Company",
246,,,SalemAve,letter,"Wood, J. R. ",08/09/1887,paper,,"Letter from J. R. Wood to Frederick J. Kimball, N&W President","Letter from the General Passenger Agent of the Pennsylvania Railroad approving the transportation of Frederick Kimball's personal horses and carriages between Philadelphia, Pennsylvania, and Crawford's Purchase, New Hampshire",
247,,,SalemAve,letter,"Wood, J. R. ",09/10/1887,paper,,"Letter from J. R. Wood to Frederick J. Kimball, N&W President","Letter from the General Passenger Agent of the Pennsylvania Railroad confirming the transportation of Frederick Kimball's personal horses and carriages between Philadelphia, Pennsylvania, and Crawford's Purchase, New Hampshire",
248,,,SalemAve,letter,"Wood, J. R. ",09/07/1887,paper,,"Letter from J. R. Wood to Frederick J. Kimball, N&W President","Letter from the General Passenger Agent of the Pennsylvania Railroad approving the transportation of Frederick Kimball's personal horses and carriages between Crawford's Purchase, New Hampshire and Philadelphia, Pennsylvania; telegram detailing logistics attached",
249,,,SalemAve,letter,"Wood, J. R. ",08/06/1887,paper,,"Letter from J. R. Wood to Frederick J. Kimball, N&W President","Letter from the General Passenger Agent of the Pennsylvania Railroad detailing the logistics of the transportation of Frederick Kimball's horses and carriages between Crawford's Purchase, New Hampshire, and Philadelphia, Pennsylvania",
250,,,SalemAve,letter,"Wood, J. R. ",08/01/1887,paper,,"Letter from J. R. Wood to Frederick J. Kimball, N&W President",Letter from the General Passenger Agent of the Pennsylvania Railroad confirming ability to transport Frederick Kimball's horses and carriages and inquiring about dates,
251,,,SalemAve,letter,"Wood, S",05/29/1887,paper,,"Letter from S. Wood to Frederick J. Kimball, N&W President","Letter discussing property an iron ore mine at Peak Knob, Pulaski County, Virginia",
252,,,SalemAve,letter,"Wood, Richard D. ",05/20/1887,paper,,"Letter from Richard D. Wood to Frederick J. Kimball, N&W President","Letter from an iron manufacturer discussing a mineral study of a potential iron ore mine at Peak Knob, Pulaski County, Virginia",
253,,,SalemAve,letter,"Wood, Richard D. ",04/10/1887,paper,,"Letter from Richard D. Wood to Frederick J. Kimball, N&W President",Letter from an iron manufacturer ,Revisit notes
254,,,SalemAve,letter,"Wood, H. G. ",09/08/1886,paper,,"Letter from H. G. Wood to Frederick J. Kimball, N&W President",Letter seeking employment in the N&W Railroad corporate office,
255,,,SalemAve,letter,M. B. Woods,01/09/1885,paper,,"Letter from M. B. Woods to Frederick J. Kimball, N&W President",Letter from a marble mine operator seeking to do business with the N&W Railroad ,
256,,,SalemAve,letter,H. R. Worman ,09/06/1887,paper,,"Letter from H. R. Worman to Frederick J. Kimball, N&W President","Letter from a Carroll County, Virginia, property owner inquring about the future of a rail line between Foster Falls, Virginia, to Mt. Airy, North Carolina",
257,,,SalemAve,letter,"Haines, William H.",06/15/1885,paper,,Letter from William H. Haines to Richard Wood,"Letter returning unused rail passes from Pocahontas, Virginia, to Hagerstown, Maryland; forwarded to Frederick Kimball",
258,,,SalemAve,letter,"Haines, William H.",05/29/1885,paper,,Letter from William H. Haines to Richard Wood,"Letter requesting a rail pass between Pocahontas, Virginia, to Hagerstown, Maryland, for Rebecca J. Lee ",
259,,,SalemAve,letter,Woodbury & Moulton,04/27/1885,paper,,"Letter from Woodbury & Moulton Investment Bankers to Frederick J. Kimball, N&W President","Letter from an Portland, Maine, investment firm expressing satisfaction for March 1885 N&W financial data",
260,,,SalemAve,letter,Woodbury & Moulton,04/24/1885,paper,,"Letter from Woodbury & Moulton Investment Bankers to Frederick J. Kimball, N&W President","Letter from an Portland, Maine, investment firm requesting recent N&W financial data  ",
261,,,SalemAve,letter,"Wootten, J.",01/26/1885,paper,,"Letter from J. Wootten to Frederick J. Kimball, N&W President","Letter from the General Manager of the Philadelphia & Reading Railroad providing a rail pass between Philadelphia and Bethlehem, Pennsylvania, for N&W employee Charles Blackwell ",
262,,,SalemAve,letter,"Wrenn, Beverly W.",n.d.,paper,,"Letter from Beverly W. Wrenn to Frederick J. Kimball, N&W President","Letter from the General Passenger and Ticket Agent of the Virginia, Tennessee & Georgia Air Line requesting a meeting with Frederick Kimball about passenger service",check name
263,,,SalemAve,telegram,"Wrenn, Beverly W.",n.d.,paper,,"Telegram from Beverly W. Wrenn to Frederick J. Kimball, N&W President","Message from the General Passenger and Ticket Agent of the Virginia, Tennessee & Georgia Air Line requesting return wire confirming a meeting date",
264,,,SalemAve,letter,"Wrenn, Beverly W.",11/07/1888,paper,,"Letter from Beverly W. Wrenn to Frederick J. Kimball, N&W President","Letter from the General Passenger and Ticket Agent of the Virginia, Tennessee & Georgia Air Line notifying Frederick Kimball of the author's intent to meet with Kimball in Philadelphia",
265,,,SalemAve,letter,"Wrenn, Beverly W.",10/27/1888,paper,,"Letter from Beverly W. Wrenn to Frederick J. Kimball, N&W President","Letter from the General Passenger and Ticket Agent of the Virginia, Tennessee & Georgia Air Line discussing cooperation with competiting rail companies   ",
266,,,SalemAve,letter,"Wright, Peter",06/08/1888,paper,,"Letter from Peter Wright to Frederick J. Kimball, N&W President","Letter from the general agent of the Red Line, Philadelphia, Pennsylvania, notifying Frederick Kimball of the arrival of the SS Waesland",
267,,,SalemAve,telegram,"Wright, Peter",04/08/1888,paper,,"Message from Peter Wright to Frederick J. Kimball, N&W President","Message from the general agent of the Red Line, Philadelphia, Pennsylvania, notifying Frederick Kimball of the arrival of the SS Waesland",
268,,,SalemAve,letter,"Wren, William H.",05/17/1888,paper,,"Letter from William H. Wren to Frederick J. Kimball, N&W President",Letter from a machinery manufacturer discussing construction of a belt line,
269,,,SalemAve,letter,"Wright, Harry P.",05/16/1888,paper,,"Letter from Harry P. Wright to Frederick J. Kimball, N&W President",Letter discussing surveying for new rail line,
270,,,SalemAve,letter,"Wren, William H.",05/09/1888,paper,,"Letter from William H. Wren to Frederick J. Kimball, N&W President","Letter from a machinery manufacturer in Lynchburg, Virginia, discussing business strategies and board matters",
271,,,SalemAve,letter,"Wright, Henrietta P.",n.d.,paper,,"Letter from Henrietta P. Wright to Frederick J. Kimball, N&W President",Letter from a mother inquiring about a job opportunity for her seventeen-year-old son,
272,,,SalemAve,letter,"Wren, William H.",05/05/1888,paper,,"Letter from William H. Wren to Frederick J. Kimball, N&W President",Letter from a Lynchburg machinery manufacturer discussing negative press in a Virginia publication,
273,,,SalemAve,letter,"Wrenn, Beverly W.",11/12/1887,paper,,"Letter from Beverly W. Wrenn to Frederick J. Kimball, N&W President",Letter from the General Freight Traffic Agent of the  Pennsylvania Railroad requesting to be added to the mailing list for N&W earnings statements,
274,,,SalemAve,letter,"Wright, Theodore",06/10/1887,paper,,"Letter from Theodore Wright to Frederick J. Kimball, N&W President",Letter discussing the provisioning of ties and timber for the Clinch Valley line,
275,,,SalemAve,letter,"Wright, Theodore",04/11/1887,paper,,"Letter from Theodore Wright to Frederick J. Kimball, N&W President",Letter discussing tunnel construction between the Winifrede Railroad and Coal River in West Virginia,
276,,,SalemAve,letter,"Wright, Theodore",04/04/1887,paper,,"Letter from Theodore Wright to Frederick J. Kimball, N&W President",Letter notifying Frederick Kimball that the author has not yet been elected as the director of the West Virginia and Ohio Railroad ,
277,,,SalemAve,letter,"Wright, Theodore",03/03/1887,paper,,"Letter from Theodore Wright to Frederick J. Kimball, N&W President","Letter discussing the routing of the N&W between Pocahontas, Virginia, and the Ohio River",
278,,,SalemAve,letter,"Wrenn, Beverly W.",02/06/1887,paper,,"Letter from Beverly W. Wrenn to Frederick J. Kimball, N&W President","Letter from the General Passenger and Ticket Agent of the Virginia, Tennessee & Georgia Air Line arranging a for a party to visit the South",
279,,,SalemAve,letter,"Wrenn, Beverly W.",02/02/1887,paper,,"Letter from Beverly W. Wrenn to Frederick J. Kimball, N&W President",Letter from the General Passenger and Ticket Agent of the N&W discussing personnel matters,
280,,,SalemAve,letter,"Wrenn, Beverly W.",01/23/1887,paper,,"Letter from Beverly W. Wrenn to Frederick J. Kimball, N&W President","Letter from the General Passenger and Ticket Agent of the Virginia, Tennessee & Georgia Air Line notifying Frederick Kimball of market interest in Alabama coal and iron deposits",
281,,,SalemAve,letter,"Wright, Theodore",08/31/1886,paper,,"Letter from Theodore Wright to Frederick J. Kimball, N&W President",Letter discussing land acquisition at Winifrede Junction in West Virginia,
282,,,SalemAve,letter,"Wrenn, Beverly W.",07/24/1886,paper,,"Letter from Beverly W. Wrenn to Frederick J. Kimball, N&W President","Letter from the General Passenger Agent of the Virginia, Tennessee & Georgia Air Line discussing the Baltimore & Ohio Railroad, land acquisition, and the travel plans of a theatre troupe over the N&W line; copy of letter from Pennsylvania Railroad General Passenger Agent J. R. Wood attached ",
283,,,SalemAve,letter,"Wrenn, Beverly W.",07/12/1886,paper,,"Letter from Beverly W. Wrenn to Frederick J. Kimball, N&W President","Letter from the General Passenger Agent of the Virginia, Tennessee & Georgia Air Line discussing cooperation with the Baltimore & Ohio Railroad; letters from B&O General Ticket Agent L. M. Cole and Shenandoah Valley Railroad conductor Frank P. Cord attached",
284,,,SalemAve,letter,"Hopkins, B. H. ",07/08/1886,paper,,"Letter from B. H. Hopkins to Frederick J. Kimball, N&W President","Letter from the Florida Passenger of the East Tennessee, Virginia & Georgia Railroad discussing contractors working between Macon, Georgia, and Jacksonville, Florida ",
285,,,SalemAve,telegram,"Wrenn, Beverly W.",n.d.,paper,,"Telegram from Beverly W. Wrenn to Frederick J. Kimball, N&W President","Message from the General Passenger and Ticket Agent of the Virginia, Tennessee & Georgia Air Line informing Frederick Kimball of a conversation with a Pennsylvania Railroad official",
286,,,SalemAve,letter,"Wright, Theodore",06/23/1886,paper,,"Letter from Theodore Wright to Frederick J. Kimball, N&W President",Letter discussing land acquisition at Winifrede Junction in West Virginia,
287,,,SalemAve,letter,"Wright, Theodore",06/17/1886,paper,,"Letter from Theodore Wright to Frederick J. Kimball, N&W President","Letter discussing land acquisition at the mouth of Fields Creek and the Kanawha River in West Virginia and notifying Frederick Kimball of sandstone quality as it relates to tunnel construction in Winifrede, WV",
288,,,SalemAve,letter,"Wrenn, Beverly W.",05/22/1886,paper,,"Letter from Beverly W. Wrenn to Frederick J. Kimball, N&W President","Letter from the General Passenger Agent of the Virginia, Tennessee & Georgia Air Line discussing plans for an excursion of the Pig Iron Association",
289,,,SalemAve,letter,"Wrenn, Beverly W.",05/20/1886,paper,,"Letter from Beverly W. Wrenn to Frederick J. Kimball, N&W President","Letter from the General Passenger Agent of the East Tenneseee, Virginia & Georgia Railroad discussing competition with the Virginia Midland Railroad; letter from a separate author attached",
290,,,SalemAve,letter,"Wright, Theodore",07/17/1885,paper,,"Letter from Theodore Wright to Frederick J. Kimball, N&W President",Letter discussing experimental grain trimming techniques and associated expenses; letter from James S. Duran attached,
291,,,SalemAve,letter,"Wright, Theodore",07/17/1885,paper,,"Letter from Theodore Wright to Frederick J. Kimball, N&W President",Letter arranging a meeting with Frederick Kimball to discuss ocean towage,
292,,,SalemAve,letter,"Wright, Theodore",06/25/1885,paper,,"Letter from Theodore Wright to Frederick J. Kimball, N&W President",Letter discussing steamship capacity ,
293,,,SalemAve,letter,"Wright, Theodore",07/03/1885,paper,,"Letter from Theodore Wright to Frederick J. Kimball, N&W President",Letter requesting the address to which the author can request a map displayed in Frederick Kimball's office,
294,,,SalemAve,letter,"Yost, J.",12/29/1888,paper,,"Letter from J. Yost to Frederick J. Kimball, N&W President",Letter from an editor of The Valley Virginian discussing renewal terms,
295,,,SalemAve,letter,"Young, Bennett H.",09/22/1888,paper,,"Letter from Bennett H. Young to Frederick J. Kimball, N&W President",Letter from the president of the Louisville & Southern Railroad Company discussing construction of his railroad and apologizing for not meeting with Frederick Kimball while visiting Philadelphia,
296,,,SalemAve,letter,"Young, Harvey",01/28/1888,paper,,"Letter from Harvey Young to Frederick J. Kimball, N&W President",Letter from a member of the House of Delegates from Lee County requesting a rail pass between Bristol and Norfolk for a friend from New Jersey,
297,,,SalemAve,letter,"Young, Harvey",02/21/1888,paper,,"Letter from Harvey Young to Frederick J. Kimball, N&W President",Letter from a member of the House of Delegates from Lee County requesting a rail pass between to attend the state convention of the Republican Party,
298,,,SalemAve,letter,"Yznaga, Fernando",07//29/1886,paper,,"Letter from Fernando Yznaga to Frederick J. Kimball, N&W President",Letter from an associate of the banking firm H.B. Hollins & Company notifying Frederick Kimball of a conversation with General Magee,
299,,,SalemAve,letter,"Yonge, William W.",02/03/1885,paper,,"Letter from William W. Yonge to Frederick J. Kimball , N&W President",Letter from the business manager of The Tradesman requesting a year-long rail pass in exchange for positive publicity,
300,,,SalemAve,letter,unknown,12/04/1886,paper,,"Letter from unknown author to Frederick J. Kimball, N&W President",Letter from the son of a party to a contract with Frederick Kimball in which the author expresses that his immigrant father does not understand the terms ,
301,,,SalemAve,telegram,unknown,n.d.,paper,,Telegram from unknown author to Col. H. J. Chamberlain,Message offering a sample of coke from the Pocahontas Coal & Coke Company to a the president of a furnace company,
302,,,SalemAve,letter,"Wickham, H.",04/28/1887,paper,,"Letter from H. Wickham to Frederick J. Kimball, N&W President",Letter from the president of the Southwest Virginia Improvement Company expressing discontent over being charged for coal from the Pocahontas Coal & Coke Company that the company did not order; receipt attached,
303,,,SalemAve,letter,"Wickham, H.",10/27/1887,paper,,"Letter from H. Wickham to Frederick J. Kimball, N&W President",Letter from the president of the Southwest Virginia Improvement Company discussing car allotment for coke,
304,,,SalemAve,letter,"Wickham, H.",08/09/1887,paper,,"Letter from H. Wickham to Frederick J. Kimball, N&W President","Letter from the president of the Southwest Virginia Improvement Company inviting Frederick Kimball to join the company board of directors on an excursion to mines in Pocahontas, Virginia, and other sites of interest",
305,,,SalemAve,letter,"Wickham, H.",10/22/1886,paper,,"Letter from H. Wickham to Frederick J. Kimball, N&W President",Letter from the president of the Southwest Virginia Improvement Company inquiring about car allotment with competing producers,
306,,,SalemAve,letter,"Wickham, H.",03/02/1887,paper,,"Letter from H. Wickham to Frederick J. Kimball, N&W President",Letter from the president of the Southwest Virginia Improvement Company discussing contract terms ,
307,,,SalemAve,letter,"Wickham, H.",02/12/1887,paper,,"Letter from H. Wickham to Frederick J. Kimball, N&W President","Letter from the president of the Southwest Virginia Improvement Company notifying Frederick Kimball of discontent among the coal mine operators of the Bluestone, West Virginia, region",
308,,,SalemAve,letter,"Wickham, H.",01/27/1887,paper,,"Letter from H. Wickham to Frederick J. Kimball, N&W President",Letter from the president of the Southwest Virginia Improvement Company requesting more coal cars and addressing accusations of disrespecting a railroad employee,
309,,,SalemAve,letter,"Wickham, H.",10/26/1887,paper,,"Letter from H. Wickham to Frederick J. Kimball, N&W President",Letter from the president of the Southwest Virginia Improvement Company complaining about a shortage of cars to their coke plant,
310,,,SalemAve,letter,"Wickham, H.",12/31/1886,paper,,"Letter from H. Wickham to Frederick J. Kimball, N&W President",Letter from the president of the Southwest Virginia Improvement Company discussing labor relations with miners,
311,,,SalemAve,letter,"Wickham, H.",12/31/1886,paper,,"Letter from H. Wickham to Frederick J. Kimball, N&W President",Letter from the president of the Southwest Virginia Improvement Company addressing coal quality inspection in relation to a labor dispute; associated telegram and letters attached,
312,,,SalemAve,letter,"Wickham, H.",04/06/1887,paper,,"Letter from H. Wickham to Frederick J. Kimball, N&W President",Letter from the president of the Southwest Virginia Improvement Company accepting an invitation to join a tour of the railroad with N&W directors,
313,,,SalemAve,letter,"Wickham, H.",08/23/1887,paper,,"Letter from H. Wickham to Frederick J. Kimball, N&W President",Letter from the president of the Southwest Virginia Improvement Company discussing the sale of slack and lump coal,
314,,,SalemAve,letter,"Wickham, H.",11/30/1886,paper,,"Letter from H. Wickham to Frederick J. Kimball, N&W President",Letter from the president of the Southwest Virginia Improvement Company negotiating a deal to provide mules for mining operations; associated letter attached ,
315,,,SalemAve,letter,"Wickham, H.",01/07/1887,paper,,"Letter from H. Wickham to Frederick J. Kimball, N&W President",Letter from the president of the Southwest Virginia Improvement Company addressing complaints over coal quality and poor business practices,
316,,,SalemAve,letter,"Wickham, H.",01/08/1887,paper,,"Letter from H. Wickham to Frederick J. Kimball, N&W President",Letter from the president of the Southwest Virginia Improvement Company following up on a previous complaint about coal car allotment; figures comparing cars and tonnage with competitors attached,
317,,,SalemAve,letter,"Wickham, H.",12/06/1886,paper,,"Letter from H. Wickham to Frederick J. Kimball, N&W President",Letter from the president of the Southwest Virginia Improvement Company discussing a stalled deal to provide mules for mining operations ,
318,,,SalemAve,letter,"Wickham, H.",12/20/1886,paper,,"Letter from H. Wickham to Frederick J. Kimball, N&W President",Letter from the president of the Southwest Virginia Improvement Company inquiring about railcar allotment after recently scaled production,
,,,,,,,,,,,
,,,,,,,,,,,
,,,,,,,,,,,
,,,,,,,,,,,
,,,,,,,,,,,
,,,,,,,,,,,
,,,,,,,,,,,
,,,,,,,,,,,
,,,,,,,,,,,
,,,,,,,,,,,
,,,,,,,,,,,
,,,,,,,,,,,
,,,,,,,,,,,
,,,,,,,,,,,
,,,,,,,,,,,
,,,,,,,,,,,
,,,,,,,,,,,
,,,,,,,,,,,
,,,,,,,,,,,
,,,,,,,,,,,
,,,,,,,,,,,
,,,,,,,,,,,
,,,,,,,,,,,
,,,,,,,,,,,
,,,,,,,,,,,
,,,,,,,,,,,
,,,,,,,,,,,
,,,,,,,,,,,
,,,,,,,,,,,
,,,,,,,,,,,
,,,,,,,,,,,
,,,,,,,,,,,
,,,,,,,,,,,
,,,,,,,,,,,
,,,,,,,,,,,
,,,,,,,,,,,
,,,,,,,,,,,
,,,,,,,,,,,
,,,,,,,,,,,
,,,,,,,,,,,
,,,,,,,,,,,
,,,,,,,,,,,
,,,,,,,,,,,
,,,,,,,,,,,
,,,,,,,,,,,
,,,,,,,,,,,
,,,,,,,,,,,
,,,,,,,,,,,
,,,,,,,,,,,
,,,,,,,,,,,
,,,,,,,,,,,
,,,,,,,,,,,
,,,,,,,,,,,
,,,,,,,,,,,
,,,,,,,,,,,
,,,,,,,,,,,
,,,,,,,,,,,
,,,,,,,,,,,
,,,,,,,,,,,
,,,,,,,,,,,
,,,,,,,,,,,
,,,,,,,,,,,
,,,,,,,,,,,
,,,,,,,,,,,
,,,,,,,,,,,
,,,,,,,,,,,
,,,,,,,,,,,
,,,,,,,,,,,
,,,,,,,,,,,
,,,,,,,,,,,
,,,,,,,,,,,
,,,,,,,,,,,
,,,,,,,,,,,
,,,,,,,,,,,
,,,,,,,,,,,
,,,,,,,,,,,
,,,,,,,,,,,
,,,,,,,,,,,
,,,,,,,,,,,
,,,,,,,,,,,
,,,,,,,,,,,
,,,,,,,,,,,
,,,,,,,,,,,
,,,,,,,,,,,
,,,,,,,,,,,
,,,,,,,,,,,
,,,,,,,,,,,
,,,,,,,,,,,
,,,,,,,,,,,
,,,,,,,,,,,
,,,,,,,,,,,
,,,,,,,,,,,
,,,,,,,,,,,
,,,,,,,,,,,
,,,,,,,,,,,
,,,,,,,,,,,
,,,,,,,,,,,
,,,,,,,,,,,
,,,,,,,,,,,
,,,,,,,,,,,
,,,,,,,,,,,
,,,,,,,,,,,
,,,,,,,,,,,
,,,,,,,,,,,
,,,,,,,,,,,
,,,,,,,,,,,
,,,,,,,,,,,
,,,,,,,,,,,
,,,,,,,,,,,
,,,,,,,,,,,
,,,,,,,,,,,
,,,,,,,,,,,
,,,,,,,,,,,
,,,,,,,,,,,
,,,,,,,,,,,
,,,,,,,,,,,
,,,,,,,,,,,
,,,,,,,,,,,
,,,,,,,,,,,
,,,,,,,,,,,
,,,,,,,,,,,
,,,,,,,,,,,
,,,,,,,,,,,
,,,,,,,,,,,
,,,,,,,,,,,
,,,,,,,,,,,
,,,,,,,,,,,
,,,,,,,,,,,
,,,,,,,,,,,
,,,,,,,,,,,
,,,,,,,,,,,
,,,,,,,,,,,
,,,,,,,,,,,
,,,,,,,,,,,
,,,,,,,,,,,
,,,,,,,,,,,
,,,,,,,,,,,
,,,,,,,,,,,
,,,,,,,,,,,
,,,,,,,,,,,
,,,,,,,,,,,
,,,,,,,,,,,
,,,,,,,,,,,
,,,,,,,,,,,
,,,,,,,,,,,
,,,,,,,,,,,
,,,,,,,,,,,
,,,,,,,,,,,
,,,,,,,,,,,
,,,,,,,,,,,
,,,,,,,,,,,
,,,,,,,,,,,
,,,,,,,,,,,
,,,,,,,,,,,
,,,,,,,,,,,
,,,,,,,,,,,
,,,,,,,,,,,
,,,,,,,,,,,
,,,,,,,,,,,
,,,,,,,,,,,
,,,,,,,,,,,
,,,,,,,,,,,
,,,,,,,,,,,
,,,,,,,,,,,
,,,,,,,,,,,
,,,,,,,,,,,
,,,,,,,,,,,
,,,,,,,,,,,
,,,,,,,,,,,
,,,,,,,,,,,
,,,,,,,,,,,
,,,,,,,,,,,
,,,,,,,,,,,
,,,,,,,,,,,
,,,,,,,,,,,
,,,,,,,,,,,
,,,,,,,,,,,
,,,,,,,,,,,
,,,,,,,,,,,
,,,,,,,,,,,
,,,,,,,,,,,
,,,,,,,,,,,
,,,,,,,,,,,
,,,,,,,,,,,
,,,,,,,,,,,
,,,,,,,,,,,
,,,,,,,,,,,
,,,,,,,,,,,
,,,,,,,,,,,
,,,,,,,,,,,
,,,,,,,,,,,
,,,,,,,,,,,
,,,,,,,,,,,
,,,,,,,,,,,
,,,,,,,,,,,
,,,,,,,,,,,
,,,,,,,,,,,
,,,,,,,,,,,
,,,,,,,,,,,
,,,,,,,,,,,
,,,,,,,,,,,
,,,,,,,,,,,
,,,,,,,,,,,
,,,,,,,,,,,
,,,,,,,,,,,
,,,,,,,,,,,
,,,,,,,,,,,
,,,,,,,,,,,
,,,,,,,,,,,
,,,,,,,,,,,
,,,,,,,,,,,
,,,,,,,,,,,
,,,,,,,,,,,
,,,,,,,,,,,
,,,,,,,,,,,
,,,,,,,,,,,
,,,,,,,,,,,
,,,,,,,,,,,
,,,,,,,,,,,
,,,,,,,,,,,
,,,,,,,,,,,
,,,,,,,,,,,
,,,,,,,,,,,
,,,,,,,,,,,
,,,,,,,,,,,
,,,,,,,,,,,
,,,,,,,,,,,
,,,,,,,,,,,
,,,,,,,,,,,
,,,,,,,,,,,
,,,,,,,,,,,
,,,,,,,,,,,
,,,,,,,,,,,
,,,,,,,,,,,
,,,,,,,,,,,
,,,,,,,,,,,
,,,,,,,,,,,
,,,,,,,,,,,
,,,,,,,,,,,
,,,,,,,,,,,
,,,,,,,,,,,
,,,,,,,,,,,
,,,,,,,,,,,
,,,,,,,,,,,
,,,,,,,,,,,
,,,,,,,,,,,
,,,,,,,,,,,
,,,,,,,,,,,
,,,,,,,,,,,
,,,,,,,,,,,
,,,,,,,,,,,
,,,,,,,,,,,
,,,,,,,,,,,
,,,,,,,,,,,
,,,,,,,,,,,
,,,,,,,,,,,
,,,,,,,,,,,
,,,,,,,,,,,
,,,,,,,,,,,
,,,,,,,,,,,
,,,,,,,,,,,
,,,,,,,,,,,
,,,,,,,,,,,
,,,,,,,,,,,
,,,,,,,,,,,
,,,,,,,,,,,
,,,,,,,,,,,
,,,,,,,,,,,
,,,,,,,,,,,
,,,,,,,,,,,
,,,,,,,,,,,
,,,,,,,,,,,
,,,,,,,,,,,
,,,,,,,,,,,
,,,,,,,,,,,
,,,,,,,,,,,
,,,,,,,,,,,
,,,,,,,,,,,
,,,,,,,,,,,
,,,,,,,,,,,
,,,,,,,,,,,
,,,,,,,,,,,
,,,,,,,,,,,
,,,,,,,,,,,
,,,,,,,,,,,
,,,,,,,,,,,
,,,,,,,,,,,
,,,,,,,,,,,
,,,,,,,,,,,
,,,,,,,,,,,
,,,,,,,,,,,
,,,,,,,,,,,
,,,,,,,,,,,
,,,,,,,,,,,
,,,,,,,,,,,
,,,,,,,,,,,
,,,,,,,,,,,
,,,,,,,,,,,
,,,,,,,,,,,
,,,,,,,,,,,
,,,,,,,,,,,
,,,,,,,,,,,
,,,,,,,,,,,
,,,,,,,,,,,
,,,,,,,,,,,
,,,,,,,,,,,
,,,,,,,,,,,
,,,,,,,,,,,
,,,,,,,,,,,
,,,,,,,,,,,
,,,,,,,,,,,
,,,,,,,,,,,
,,,,,,,,,,,
,,,,,,,,,,,
,,,,,,,,,,,
,,,,,,,,,,,
,,,,,,,,,,,
,,,,,,,,,,,
,,,,,,,,,,,
,,,,,,,,,,,
,,,,,,,,,,,
,,,,,,,,,,,
,,,,,,,,,,,
,,,,,,,,,,,
,,,,,,,,,,,
,,,,,,,,,,,
,,,,,,,,,,,
,,,,,,,,,,,
,,,,,,,,,,,
,,,,,,,,,,,
,,,,,,,,,,,
,,,,,,,,,,,
,,,,,,,,,,,
,,,,,,,,,,,
,,,,,,,,,,,
,,,,,,,,,,,
,,,,,,,,,,,
,,,,,,,,,,,
,,,,,,,,,,,
,,,,,,,,,,,
,,,,,,,,,,,
,,,,,,,,,,,
,,,,,,,,,,,
,,,,,,,,,,,
,,,,,,,,,,,
,,,,,,,,,,,
,,,,,,,,,,,
,,,,,,,,,,,
,,,,,,,,,,,
,,,,,,,,,,,
,,,,,,,,,,,
,,,,,,,,,,,
,,,,,,,,,,,
,,,,,,,,,,,
,,,,,,,,,,,
,,,,,,,,,,,
,,,,,,,,,,,
,,,,,,,,,,,
,,,,,,,,,,,
,,,,,,,,,,,
,,,,,,,,,,,
,,,,,,,,,,,
,,,,,,,,,,,
,,,,,,,,,,,
,,,,,,,,,,,
,,,,,,,,,,,
,,,,,,,,,,,
,,,,,,,,,,,
,,,,,,,,,,,
,,,,,,,,,,,
,,,,,,,,,,,
,,,,,,,,,,,
,,,,,,,,,,,
,,,,,,,,,,,
,,,,,,,,,,,
,,,,,,,,,,,
,,,,,,,,,,,
,,,,,,,,,,,
,,,,,,,,,,,
,,,,,,,,,,,
,,,,,,,,,,,
,,,,,,,,,,,
,,,,,,,,,,,
,,,,,,,,,,,
,,,,,,,,,,,
,,,,,,,,,,,
,,,,,,,,,,,
,,,,,,,,,,,
,,,,,,,,,,,
,,,,,,,,,,,
,,,,,,,,,,,
,,,,,,,,,,,
,,,,,,,,,,,
,,,,,,,,,,,
,,,,,,,,,,,
,,,,,,,,,,,
,,,,,,,,,,,
,,,,,,,,,,,
,,,,,,,,,,,
,,,,,,,,,,,
,,,,,,,,,,,
,,,,,,,,,,,
,,,,,,,,,,,
,,,,,,,,,,,
,,,,,,,,,,,
,,,,,,,,,,,
,,,,,,,,,,,
,,,,,,,,,,,
,,,,,,,,,,,
,,,,,,,,,,,
,,,,,,,,,,,
,,,,,,,,,,,
,,,,,,,,,,,
,,,,,,,,,,,
,,,,,,,,,,,
,,,,,,,,,,,
,,,,,,,,,,,
,,,,,,,,,,,
,,,,,,,,,,,
,,,,,,,,,,,
,,,,,,,,,,,
,,,,,,,,,,,
,,,,,,,,,,,
,,,,,,,,,,,
,,,,,,,,,,,
,,,,,,,,,,,
,,,,,,,,,,,
,,,,,,,,,,,
,,,,,,,,,,,
,,,,,,,,,,,
,,,,,,,,,,,
,,,,,,,,,,,
,,,,,,,,,,,
,,,,,,,,,,,
,,,,,,,,,,,
,,,,,,,,,,,
,,,,,,,,,,,
,,,,,,,,,,,
,,,,,,,,,,,
,,,,,,,,,,,
,,,,,,,,,,,
,,,,,,,,,,,
,,,,,,,,,,,
,,,,,,,,,,,
,,,,,,,,,,,
,,,,,,,,,,,
,,,,,,,,,,,
,,,,,,,,,,,
,,,,,,,,,,,
,,,,,,,,,,,
,,,,,,,,,,,
,,,,,,,,,,,
,,,,,,,,,,,
,,,,,,,,,,,
,,,,,,,,,,,
,,,,,,,,,,,
,,,,,,,,,,,
,,,,,,,,,,,
,,,,,,,,,,,
,,,,,,,,,,,
,,,,,,,,,,,
,,,,,,,,,,,
,,,,,,,,,,,
,,,,,,,,,,,
,,,,,,,,,,,
,,,,,,,,,,,
,,,,,,,,,,,
,,,,,,,,,,,
,,,,,,,,,,,
,,,,,,,,,,,
,,,,,,,,,,,
,,,,,,,,,,,
,,,,,,,,,,,
,,,,,,,,,,,
,,,,,,,,,,,
,,,,,,,,,,,
,,,,,,,,,,,
,,,,,,,,,,,
,,,,,,,,,,,
,,,,,,,,,,,
,,,,,,,,,,,
,,,,,,,,,,,
,,,,,,,,,,,
,,,,,,,,,,,
,,,,,,,,,,,
,,,,,,,,,,,
,,,,,,,,,,,
,,,,,,,,,,,
,,,,,,,,,,,
,,,,,,,,,,,
,,,,,,,,,,,
,,,,,,,,,,,
,,,,,,,,,,,
,,,,,,,,,,,
,,,,,,,,,,,
,,,,,,,,,,,
,,,,,,,,,,,
,,,,,,,,,,,
,,,,,,,,,,,
,,,,,,,,,,,
,,,,,,,,,,,
,,,,,,,,,,,
,,,,,,,,,,,
,,,,,,,,,,,
,,,,,,,,,,,
,,,,,,,,,,,
,,,,,,,,,,,
,,,,,,,,,,,
,,,,,,,,,,,
,,,,,,,,,,,
,,,,,,,,,,,
,,,,,,,,,,,
,,,,,,,,,,,
,,,,,,,,,,,
,,,,,,,,,,,
,,,,,,,,,,,
,,,,,,,,,,,
,,,,,,,,,,,
,,,,,,,,,,,
,,,,,,,,,,,
,,,,,,,,,,,
,,,,,,,,,,,
,,,,,,,,,,,
,,,,,,,,,,,
,,,,,,,,,,,
,,,,,,,,,,,
,,,,,,,,,,,
,,,,,,,,,,,
,,,,,,,,,,,
,,,,,,,,,,,
,,,,,,,,,,,
,,,,,,,,,,,
,,,,,,,,,,,
,,,,,,,,,,,
,,,,,,,,,,,
,,,,,,,,,,,
,,,,,,,,,,,
,,,,,,,,,,,
,,,,,,,,,,,
,,,,,,,,,,,
,,,,,,,,,,,
,,,,,,,,,,,
,,,,,,,,,,,
,,,,,,,,,,,
,,,,,,,,,,,
,,,,,,,,,,,
,,,,,,,,,,,
,,,,,,,,,,,
,,,,,,,,,,,
,,,,,,,,,,,
,,,,,,,,,,,
,,,,,,,,,,,
,,,,,,,,,,,
,,,,,,,,,,,
,,,,,,,,,,,
,,,,,,,,,,,
,,,,,,,,,,,
,,,,,,,,,,,
,,,,,,,,,,,
,,,,,,,,,,,
,,,,,,,,,,,
,,,,,,,,,,,
,,,,,,,,,,,
,,,,,,,,,,,
,,,,,,,,,,,
,,,,,,,,,,,
,,,,,,,,,,,
,,,,,,,,,,,
,,,,,,,,,,,
,,,,,,,,,,,
,,,,,,,,,,,
,,,,,,,,,,,
,,,,,,,,,,,
,,,,,,,,,,,
,,,,,,,,,,,
,,,,,,,,,,,
,,,,,,,,,,,
,,,,,,,,,,,
,,,,,,,,,,,
,,,,,,,,,,,
,,,,,,,,,,,
,,,,,,,,,,,
,,,,,,,,,,,
,,,,,,,,,,,
,,,,,,,,,,,
,,,,,,,,,,,
,,,,,,,,,,,
,,,,,,,,,,,
,,,,,,,,,,,
,,,,,,,,,,,
,,,,,,,,,,,
,,,,,,,,,,,
,,,,,,,,,,,
,,,,,,,,,,,
,,,,,,,,,,,
,,,,,,,,,,,
,,,,,,,,,,,
,,,,,,,,,,,
,,,,,,,,,,,
,,,,,,,,,,,
,,,,,,,,,,,
,,,,,,,,,,,
,,,,,,,,,,,
,,,,,,,,,,,
,,,,,,,,,,,
,,,,,,,,,,,
,,,,,,,,,,,
,,,,,,,,,,,
,,,,,,,,,,,
,,,,,,,,,,,
,,,,,,,,,,,
,,,,,,,,,,,
,,,,,,,,,,,
,,,,,,,,,,,
,,,,,,,,,,,
,,,,,,,,,,,
,,,,,,,,,,,
,,,,,,,,,,,
,,,,,,,,,,,
,,,,,,,,,,,
,,,,,,,,,,,
,,,,,,,,,,,
,,,,,,,,,,,
,,,,,,,,,,,
,,,,,,,,,,,
,,,,,,,,,,,
,,,,,,,,,,,
,,,,,,,,,,,
,,,,,,,,,,,
,,,,,,,,,,,
,,,,,,,,,,,
,,,,,,,,,,,
,,,,,,,,,,,
,,,,,,,,,,,
,,,,,,,,,,,
,,,,,,,,,,,
,,,,,,,,,,,
,,,,,,,,,,,
,,,,,,,,,,,
,,,,,,,,,,,
,,,,,,,,,,,
,,,,,,,,,,,
,,,,,,,,,,,
,,,,,,,,,,,
,,,,,,,,,,,
,,,,,,,,,,,
,,,,,,,,,,,
,,,,,,,,,,,
,,,,,,,,,,,
,,,,,,,,,,,
,,,,,,,,,,,
,,,,,,,,,,,
,,,,,,,,,,,
,,,,,,,,,,,
,,,,,,,,,,,
,,,,,,,,,,,
,,,,,,,,,,,
,,,,,,,,,,,
,,,,,,,,,,,
,,,,,,,,,,,
,,,,,,,,,,,
,,,,,,,,,,,
,,,,,,,,,,,
,,,,,,,,,,,
,,,,,,,,,,,
,,,,,,,,,,,
,,,,,,,,,,,
,,,,,,,,,,,
,,,,,,,,,,,
,,,,,,,,,,,
,,,,,,,,,,,
,,,,,,,,,,,
,,,,,,,,,,,
,,,,,,,,,,,
,,,,,,,,,,,
,,,,,,,,,,,
,,,,,,,,,,,
,,,,,,,,,,,
,,,,,,,,,,,
,,,,,,,,,,,
,,,,,,,,,,,
,,,,,,,,,,,
,,,,,,,,,,,
,,,,,,,,,,,
,,,,,,,,,,,
,,,,,,,,,,,
,,,,,,,,,,,
,,,,,,,,,,,
,,,,,,,,,,,
,,,,,,,,,,,
,,,,,,,,,,,
,,,,,,,,,,,
,,,,,,,,,,,
,,,,,,,,,,,
,,,,,,,,,,,
,,,,,,,,,,,
,,,,,,,,,,,
,,,,,,,,,,,
,,,,,,,,,,,
,,,,,,,,,,,
,,,,,,,,,,,
,,,,,,,,,,,
,,,,,,,,,,,
,,,,,,,,,,,
,,,,,,,,,,,
,,,,,,,,,,,
,,,,,,,,,,,
,,,,,,,,,,,
,,,,,,,,,,,
,,,,,,,,,,,
,,,,,,,,,,,
,,,,,,,,,,,
,,,,,,,,,,,
,,,,,,,,,,,
,,,,,,,,,,,
,,,,,,,,,,,
,,,,,,,,,,,
,,,,,,,,,,,
,,,,,,,,,,,
,,,,,,,,,,,
,,,,,,,,,,,
,,,,,,,,,,,
,,,,,,,,,,,
,,,,,,,,,,,
,,,,,,,,,,,
,,,,,,,,,,,
,,,,,,,,,,,
,,,,,,,,,,,
,,,,,,,,,,,
,,,,,,,,,,,
,,,,,,,,,,,
,,,,,,,,,,,
,,,,,,,,,,,
,,,,,,,,,,,
,,,,,,,,,,,
,,,,,,,,,,,
,,,,,,,,,,,
,,,,,,,,,,,
,,,,,,,,,,,
,,,,,,,,,,,
,,,,,,,,,,,
,,,,,,,,,,,
,,,,,,,,,,,
,,,,,,,,,,,
,,,,,,,,,,,
,,,,,,,,,,,
,,,,,,,,,,,
,,,,,,,,,,,